777,3,4.55,7,,2.75,4.65,6.45,,3.4,5.05,7.45,
10000000000,3.05,4.9,6.2,7,3.65,4.35,5.55,7.3,3.4,5.15,8,9.15
 ÅôshiningÅôÅiGF&dm styleÅj                                       ,3.6,5.4,6,,2.35,3.9,4.4,,2.45,4.5,5.6,
 ÅıèçÇÃè¨à´ñÇÉâÉîÉäÉBÅ`ÉåÉCÉfÉBÉIÅı (GITADORA ver.)               ,2.25,4.1,6.7,,1.35,4.3,6.65,,2.05,4.15,7.65,
 0éû20ï™ÇÃRoulette                                                ,2.8,5.45,6.8,,3,4.9,6.1,,2.3,3.6,6.65,
 1/n                                                              ,3.35,4.8,6.3,,3.6,3.95,4.85,,2,4.5,6.35,
 3 A.M. ÉfÉBÉeÉNÉeÉBÉuÅEÉQÅ[ÉÄ                                    ,2.35,4.35,6.4,9.1,1.7,3.95,6.45,6.85,2.05,3.75,5.45,6.6
 8 -eight-                                                        ,1.75,4.8,8.4,,2.1,4.55,8.45,,2.5,4.4,8.4,
 800nm                                                            ,1.7,3.95,6.1,,2.3,4.35,7.1,,2.4,4.95,7.6,
 A SHOOTING STAR                                                  ,3.1,6.2,7.65,,2.7,5.4,6.85,,3.15,4.45,7.35,
 A.DOGMA                                                          ,3.9,6.5,8.95,9.65,4.5,7.35,9,9.6,6.65,8.6,9.55,9.9
 Across the nightmare                                             ,3.95,4.4,5.3,,,,,,3.15,4.45,6,
 Adrenaline                                                       ,3.25,4.2,5.65,,3.1,3.85,5.4,,2.95,4.3,6.05,
 Adverse Criticism                                                ,3.95,5.9,8.7,,3.7,6.35,8.35,,4.3,6,8,
 AFTER A HARD DAY                                                 ,2.95,6.25,7.75,,2.7,5.65,7.1,,3.1,5.1,6.9,
 Agnus Dei                                                        ,3.1,4,6.2,7.5,3.15,4.45,5.2,6.65,4.5,5.6,7.45,8.75
 Aithon                                                           ,3.1,5.75,6.75,,3.6,4.65,5.35,,3.8,4.7,5.85,
" Alternative Tactics, Second Urgent Issue                         ",2.25,4.05,6.75,8.5,2.7,3.9,5.55,6.65,1.65,4.05,6.35,7.55
 Anathema                                                         ,4.35,5.95,8.6,9.55,4.45,6.45,8.2,8.9,4.25,6.5,8.85,9.75
 ancient breeze                                                   ,4.3,6.2,8,,3.9,5.4,6.4,,4.55,6,7.95,
 Anti Pleasure Å`âıäyéÂã`é“ÇÃóJüTÅ`                               ,1.95,4.8,6.7,,3,4.65,6.8,,2.5,4.8,6.2,
 AREA 51                                                          ,3.15,4.8,6.75,,3.55,4.7,5.5,,2.5,4.4,7.6,
 Arena Sexarboris                                                 ,3.2,5.85,8.6,,3.35,5.8,7.95,,2.5,6.35,8.25,
 Around 40                                                        ,4.65,6.35,8.75,,4.2,6.25,7.45,,3.45,4.35,9.2,
 Arx Tyranni                                                      ,2.5,3.9,6.35,8.15,1.95,3.45,5.65,6.55,3,4.35,5.75,6.95
 Ascetic                                                          ,3,4.05,5.65,6.3,3.4,4.35,5.4,5.9,4.75,5.9,8.6,8.65
 Atalante                                                         ,3.55,6.4,9.05,,3.25,4.4,5.7,,3.55,5.5,7.8,
 ATOMS                                                            ,3.35,4.6,7.1,,3,4.25,5.3,,3.05,4.45,6.7,
 Awaken Ver.G                                                     ,2.95,4.35,7.1,,2.35,4.65,7.05,,2.95,4,7.5,
 AXIS                                                             ,4.1,5.9,7.6,,4,5.35,6.7,,3.55,5.7,7.6,
 Bangin' Breaks                                                   ,4.45,6.55,9.1,,4.7,7.9,9.4,,3.45,5.1,7.4,
 Beautiful Dream                                                  ,1.8,4.45,6.25,,1.85,3.9,5.35,,2.5,5.1,7.75,
 Before Daybreak                                                  ,2.1,4.65,6.95,,3.95,5.55,8.85,,3.4,5.7,8.7,
 BEFORE I DECAY                                                   ,3.45,7.45,8,,3.6,6.65,8.1,,2.15,3.55,7.3,
 begin                                                            ,3.35,4.3,5.75,,3.25,4.95,5.95,,1.95,4.95,6.8,
 Believing                                                        ,3.2,3.95,5.3,,3.15,3.95,5.2,,1.75,3.85,6.1,
 BELLS                                                            ,1.65,4.55,6.4,7.7,1.75,4.8,5.4,6.75,2.8,4.6,7.3,8.6
 Big Wave                                                         ,2.2,3.7,5.5,,2.3,3.85,6.45,,2.45,4.15,6.1,
 Black horizon                                                    ,3.95,6.7,8.55,,3.95,6.5,7.9,,4.4,5.8,7.35,
 Blaze                                                            ,3.05,4.1,6.65,9.4,3.1,4.15,5.35,5.95,3.45,4.6,6.75,8.1
 BLUE BOOTS                                                       ,2.6,3.9,7.9,,1.9,3.9,7.6,,3.4,4.9,8.5,
 Blue Forest                                                      ,5.8,7.5,8.95,9.1,5.9,7.1,8,8.4,5,5.7,7.65,8.1
 blue moon                                                        ,3.45,4.55,6.85,9.5,3.75,4.5,7,8.5,4.3,6.2,8.25,9.1
 Blue planet                                                      ,4.55,5.75,8.5,,4.3,5.15,7.2,,3.25,5.6,6.8,
 BOBBY SUE AND SKINNY JIM                                         ,3.25,4.35,6.3,,3.25,4.3,6.3,,3.1,5.4,6.8,
 Brazilian Anthem                                                 ,3.7,4.7,6.7,,3.4,3.95,5.6,,5.15,6.4,7.85,
 BREÅÕK DOWN! (GF&DM STYLE)                                       ,3.3,4.65,5.4,,2.95,4.2,5.45,,1.9,4.95,6.05,
 BRIGHT STREAM                                                    ,1.3,4.7,5.8,,3.6,4.35,5.25,,1.3,4.5,6.2,
 Brown blizzard                                                   ,3.75,5.75,8.15,9.65,3.95,5.35,7.45,9.25,5,6.65,8.85,9.8
 Burning Cremation                                                ,1.95,4.2,6.2,8.45,2.25,4.55,5.55,7,3.15,4.5,6.95,8.55
 Butterfly Effect                                                 ,1.7,3.65,5.6,7.5,2.1,3.35,4.55,5.9,2.4,3.65,5.3,7
 cachaca                                                          ,3.65,4.7,5.85,,3.3,3.9,5,,4.15,5.55,6.7,
 CALAMITY PHOENIX                                                 ,4.95,6.7,8,8.55,3.8,5.75,7.6,9.15,4,6.3,7.9,8.65
 CAPTAIN'S VOYAGE                                                 ,1.95,4.25,5.85,,1.9,3.75,5.35,,2.9,4.55,7.2,
 CaptivAteÅ`çŸÇ´Å`                                                ,3.65,5.05,6.3,,3.85,6.45,8.5,,3.6,4.95,6,
 CARNIVAL DAY                                                     ,3.05,4.8,5.95,,3.35,4.8,6.1,,3.7,5.9,7.4,
 CASSANDRA                                                        ,3.5,4.25,5.3,,2.1,3.6,4.6,,2.8,4.5,6.05,
 Cassis                                                           ,1.85,4.05,6.35,,1.7,4.25,6.25,,2.8,4.85,8.1,
 Catharsis Garden                                                 ,3.5,5.9,7.1,,3.65,5.6,6.75,,2.8,3.7,6.35,
 CHAIN REACTION feat.NO+CHIN                                      ,3.4,4.65,5.85,,3.6,4.7,6.5,,2.8,6.05,7.6,
 Chance                                                           ,3,3.85,5.8,,3.1,4,4.95,,3.3,4.4,6.1,
 chAngE                                                           ,1.25,3.8,4.8,,2.2,3.85,4.7,,1.55,2.75,5,
 Charismatic                                                      ,2.1,3.95,6.1,,2.2,3.65,6.1,,2.05,4.85,6.65,
 Cherry                                                           ,3.1,4.75,7.45,,2.8,4.65,6.85,,3.35,5,7.75,
 CHIMERA                                                          ,2.35,4.7,7.1,8.65,,,,,2.7,4.2,6,7.8
 Chinese Snowy Dance                                              ,4.55,5.65,7.65,9.45,5.15,6.1,7.65,9.35,4.1,5.85,8.5,9.2
 CHOCOLATE PHILOSOPHY                                             ,3,4.95,6.35,,2.95,4.05,4.85,,3.45,4.7,6.5,
 Chronos                                                          ,4.7,5.55,6.85,8.35,3.85,5.35,6.55,7.9,4.2,4.85,6.5,8.15
 CLASSIC PARTY                                                    ,3.3,5.65,6.4,,3.05,3.85,4.85,,2.8,5.15,5.9,
 CLASSIC PARTY 2                                                  ,4.05,5.3,7.45,,3,4.1,6,,2.9,5.15,6.25,
 CLASSIC PARTY 3                                                  ,4.6,7.5,8.65,,3.6,5.1,5.35,,3.8,4.95,5.45,
 Cleopatrysm                                                      ,2.1,4,7.45,,1.85,3.95,7.6,,1.8,5.35,8.7,
 cockpit                                                          ,3.1,4.3,6.7,8.1,3,3.85,6,7.35,4.3,6.1,8,9.05
 Colors                                                           ,2.95,4.7,6.65,,2.8,3.8,5.75,,3.35,4.5,6.35,
 Come Back Alive                                                  ,3.1,3.75,5.3,,3.15,3.7,7.05,,3.5,4.7,9.65,
 Concertino in Blue                                               ,4.95,7.95,9.55,9.95,4.65,6.35,8.5,9.35,6,7.35,8.4,9
 conconÅ`INAReMIXÅ`                                               ,1.1,4.45,5.75,,3,3.9,5.35,,1.1,5,8.55,
 Confession                                                       ,2.5,4.4,5.5,,2.35,4.55,5.3,,1.7,3.55,6.65,
 cosmic agenda                                                    ,2.95,4.1,6.45,,3.25,4.7,6.6,,2.25,4.6,7.4,
 COSMIC COWGIRL                                                   ,3.3,4.4,5.6,,3,4,4.5,,4.3,5.3,6.45,
 Cosmic Hurricane (GFDM ver.)                                     ,2.7,4.15,6.2,7.4,2,3.65,5.25,6.4,3.25,4.95,7.65,8.6
 Covered With The Wire                                            ,2.7,3.85,5.75,8.35,1.95,3.65,5.6,7.9,2.45,4.6,6.5,8.7
 Crack                                                            ,2.8,4.9,6.45,,3.4,4.4,6.6,,2.95,4.2,7.5,
 Crazy blooms                                                     ,3.3,5,7.2,8.7,3.5,4.9,7.3,7.8,3.3,4.6,6.9,7.95
 Croquette                                                        ,3.5,4.75,5.55,,3.3,3.95,5,,2.6,3.95,5.55,
 Crystal Toybox                                                   ,2.5,4.7,8.15,,1.8,4.55,7,,2.45,5.35,8.1,
 Cutie pie                                                        ,1.45,2.4,3.6,,,,,,2.3,3.8,4.75,
 DAWN                                                             ,4.7,6.65,9.2,,4.5,6.65,8.95,,3.85,6.45,8.6,
 DAY DREAM                                                        ,5.2,6.45,8.45,9.95,5.15,6.4,8.1,9.4,5.55,6.8,8.9,9.9
 Day's!                                                           ,2.5,6,7.45,,3.75,5.55,7.65,,2.5,4.85,7.85,
 DEATH BRINGER                                                    ,3.4,5.4,6.95,8,3.5,4.85,6.1,7.1,4.1,4.75,7.65,8.75
 Deep Deep Inside                                                 ,1.4,3.65,6.65,9,2,3.4,5.95,7.7,1.6,4.75,6.4,8.1
 Deep Forest                                                      ,3.6,5,7.6,,3.85,4.3,5.4,,3,4.45,6.5,
 DEMON SLAYER                                                     ,2.1,4.55,7.5,9.2,3.2,4.5,6.45,7.8,3.55,5.05,6.8,8.2
 DEPARTURE                                                        ,3,4.75,7,7.8,,,,,2.8,4.35,6.3,8.45
 Depend on me                                                     ,,,,,,,,,2.05,4.2,5.95,
 Desert Rose                                                      ,3.8,5.35,6.6,,3.6,5.2,6.55,,3.8,5.45,6.65,
 DESTINY                                                          ,3,5.3,7.9,,2.95,4.95,7.3,,2.9,5.35,8.95,
 Destiny lovers                                                   ,3.5,5.2,6.85,,3.65,5.55,6.5,,3.7,6.05,7.45,
 Destiny Wings                                                    ,2.95,5.35,7.3,8.15,2.8,4.35,6.25,7.05,2.8,4.75,6.95,8.4
 Devil Fish Dumpling                                              ,3.45,6.5,9,,3.8,6.25,8.25,,3.45,5.25,8.65,
 DIAMONDS                                                         ,1.05,2.75,4.7,,1.4,3.15,5.15,,1.3,3.95,4.5,
 Die Zauberflote                                                  ,3.15,4,6.8,7.9,2.8,3.95,6.3,7.1,5.05,5.95,7.4,8.65
 DIGITAL GIRL                                                     ,2.6,4.5,6,,2.8,4.85,6.25,,3.25,4.7,7.2,
 Don't Break Up                                                   ,3.1,4.9,8.35,,2.5,5.45,8.25,,2.25,3.9,8.6,
 DOUBLE IMPACT                                                    ,2.75,4.6,8.15,,3.35,5.1,8.9,,3.75,5.1,7.95,
 double thrash                                                    ,2.2,4.55,6.65,9.65,1.75,4.2,5.75,7.35,1.9,4.5,7.1,8.85
 Dragon Blade                                                     ,3.95,5.75,8.35,,3.65,5.35,6.5,,3.5,4.85,6.1,
 DRAGON KILLER                                                    ,2.7,4.7,8.4,,3.45,5.55,8.1,,2.5,4.4,6.75,
 Dragontail Butterfly                                             ,2.95,4.8,6.7,,3.35,4.7,6.35,,2.5,6.05,7.85,
 Dream Again...                                                   ,3.25,4.15,6.65,,3.45,5.5,6.85,,2.5,4.35,5.5,
 Dreams in the night                                              ,1.25,3.1,5.1,5.9,,,,,1.45,3.55,5.7,6.3
 Driven Shooter                                                   ,4,8.35,9.55,,4.25,6.8,7.75,,3.8,5.5,7.4,
 drop                                                             ,3,4.3,5.4,,2.2,3.7,4.9,,3.35,5.25,6.9,
 Dynamis                                                          ,4.75,5.8,7.1,8.3,4.3,5.4,6.55,7.1,4.8,6.4,8,8.95
 Eastern Lariat                                                   ,3.3,4.6,8.25,9.65,3.15,4.2,6.6,7.95,3.9,5.95,8.2,9
 Eau Rouge                                                        ,4.95,6.35,8.35,9,3.85,5.1,6.2,7.2,3.75,5.1,6.3,7.1
 Egocentricity                                                    ,2.1,3.95,5.5,,2.5,4.3,6.65,,2.4,5.15,6,
 Einherjar                                                        ,3.35,6.3,8.25,9,3.5,4.6,6.35,7.8,2.9,5.5,6.8,8.85
 Eisenplatte                                                      ,2.25,4.3,6.55,8.5,2.1,4.25,6.55,8.15,3.3,5,7.35,9.2
 El Dorado                                                        ,3.45,5.95,8,,3.8,5.1,6.7,,2.6,5.25,7.95,
 Electric Lady                                                    ,3.05,3.95,6.7,,3.3,4.35,6.1,,3.65,5.5,8.25,
 Elemental Creation -GITADO ROCK ver.-                            ,3.55,5.35,9.5,,2.5,4.45,6.85,,2.45,5.75,8.85,
 E-MAIL ME!                                                       ,1.9,4.05,5.45,,2.25,4.15,5.3,,2.7,4.6,6.25,
 Empathetic                                                       ,1.65,4.3,6.25,,1.65,4.75,7.3,,1.45,3.85,7.4,
 EMPYREAL CATASTROPHE                                             ,2.25,3.85,6.6,8.35,2.1,3.9,6.2,7.8,2.75,4.8,7.3,9.5
 ENCORE CONQUEST                                                  ,5.85,7.05,7.75,8.95,5.4,5.95,7.35,8.95,6.4,8.1,9.3,9.55
 Endless Chain Å`2êlÇ≈ÉgÉäÉKÅ[ÇÇ–Ç±Ç§Å`                          ,2.8,3.95,5.25,,2.95,3.9,4.95,,1.75,3.4,5.35,
 Endless cruising                                                 ,3,4.3,5.7,,3.65,4.55,5.85,,2.75,5,6.65,
 Engraved  Mark                                                   ,2.25,4.15,5.8,,2.7,4.1,5.75,,2.8,5.35,8.1,
 escape                                                           ,1.85,3.35,4.85,6.25,1.95,3.2,5.1,6.4,1.95,3.7,5.1,6.9
 ESCAPE TO THE SKYÅöúc                                            ,3.35,5.1,6.35,,3.05,4.5,5.85,,3.15,4.85,6.1,
 ETERNAL BLAZE                                                    ,1.2,3.6,5.1,,2.4,4.05,5.3,,1.35,4.6,7.35,
 Evans -TLION69 Remix-                                            ,2.8,6.25,9.05,,2.85,4.75,7.3,,2.8,4.4,8.1,
 EVIL OGRE                                                        ,2,4.65,6.35,8.45,2.4,4.55,6.5,8.45,3.05,4.6,7.5,8.65
 Excavation Damage                                                ,3.75,5.2,6.55,7.9,3.95,5.2,6.35,7.6,2.95,4.15,5.95,7.2
 EXCELSIOR DIVE                                                   ,5.25,6.3,8.75,9.7,4.95,6.25,8.95,9.35,4.95,6.1,7.9,8.75
 Factor of adhesion                                               ,3.15,4.65,7.7,,3.3,4.45,7,,2.45,3.95,7.7,
 FAIRY TALE                                                       ,2.5,4.25,6.65,7.5,1.85,3.8,5.75,6.45,2.65,5.25,7.15,8.5
 Fairy Tales                                                      ,2.35,5.25,6.4,7.75,2.6,4.65,6.65,8.65,2.9,5.35,6.95,8
 Fat snail                                                        ,3,4.8,6,,2.95,4.35,5.35,,2.05,5.5,8.4,
 Feed The Hunger                                                  ,2.95,4.2,6.4,8.15,2.6,4.15,5.9,7.45,3.15,4.75,7.7,8.95
 FIFTH GIG                                                        ,4.2,7.8,8.95,,3.75,7.5,9.35,,4,7.75,9.75,
 FIFTH GIG TYPE II                                                ,3.8,7.1,8.15,,4.35,7.3,8.7,,3.6,6.25,9.25,
 FIRE                                                             ,2.5,4.85,6.45,,,,,,2.25,4.4,5.8,
 Fire in my heart                                                 ,1.75,4.35,7.45,8.85,1.5,3.6,6.1,7.45,2.95,4.15,5.25,7
 FIRE IN THE DARK                                                 ,4.45,5.5,6.65,,4.15,5.4,6.8,,3.9,5.5,7.9,
 FIREBALL                                                         ,3.3,5.3,6.45,,2.35,3.95,4.75,,3.95,6.05,7.4,
 FLOWER -TLION69 Remix-                                           ,3.8,5.6,8.9,,3,4.25,6,,3.4,5.25,7.85,
 Fly with me                                                      ,2.3,3.65,6.05,7.15,2.25,4.25,5.65,7.8,2.95,5.45,7,8.7
 For You                                                          ,1.4,3.1,5.95,6.85,1.35,3,5.35,6.55,1.35,2.8,4.85,6.5
 FORCE Interval Build                                             ,3.95,6.4,8.8,9.4,3.95,7,8.15,8.8,4.65,6.05,7.6,9.1
 Forever Young                                                    ,1.95,3.5,5.6,7.95,2.25,3.45,5,6.95,2.3,3.95,6.2,8.25
 four-leaf                                                        ,4.5,5.2,6.35,,3.3,4.25,4.9,,2.6,4.35,5.85,
 Freeky Technique                                                 ,2.95,5.15,5.95,,2.35,5.6,6.85,,1.8,4.85,7.15,
 FRIENDSHIP                                                       ,3.45,4.85,5.5,,2.95,4.65,5.9,,3.3,5.95,7.5,
 Funky sonic World                                                ,4.7,6.4,7.05,8.6,4.45,5.25,5.9,7.2,3.65,6.35,8.6,9.45
 GAIA -GITADORA EDITION-                                          ,1.65,5.15,8.45,,1.5,3.8,6.75,,1.95,4.85,7.15,
 Genesis Creation Narrative                                       ,3.65,5.5,7.75,9.05,3.05,4.05,6.8,8.6,4.5,6,8.4,9.65
" Gently, the rain sings for me                                    ",3.45,4.75,6.85,,3.25,5.25,5.8,,3.8,4.8,6.4,
 GET IT ALL                                                       ,3.25,4.65,7.3,,1.95,4.05,5.75,,3.1,5.35,6.9,
 Get Off of My Way                                                ,1.85,4.45,6,,1.75,4.3,6.3,,1.65,3.8,6.5,
 GETAWAY                                                          ,2.95,4.8,7.1,,3,4.3,6.85,,3.3,4.25,6.7,
 GIANT SLUG                                                       ,2.3,4.35,6.65,,2.2,3.95,5.85,,3.3,4.4,5.5,
 GIGA BREAK                                                       ,3.45,7.55,9.1,,4.05,5.95,7.5,,3.85,5.6,8.4,
 Give Me MORE!!                                                   ,2.35,5.3,8.8,,2.25,5.4,8.5,,4.25,5.9,7.9,
 Give Us Kiss!                                                    ,2.1,3.75,5.15,,1.4,3.65,4.45,,1.85,3.55,6.75,
 GLIDE                                                            ,3.6,5.7,7.05,,2.25,4,5.5,,3.15,4.7,7.1,
 gloom                                                            ,3.6,4.7,5.9,,3.35,4.55,6.35,,3.3,4.7,8,
 GO READY                                                         ,1.65,3.25,5.35,7.6,1.85,3.1,4.75,5.85,2.2,3.85,5.1,6.75
 going up                                                         ,3.2,4.85,6.85,,2.25,4.3,5.5,,3.25,4.85,7.95,
 Golden galaxy                                                    ,3,4.45,8.25,9.2,2.75,4.55,7.3,9.1,3.6,5.15,7.5,9.3
 GongÅI                                                           ,2.95,4.2,6.55,,2.6,5.35,6.45,,2.7,4.45,7.15,
" Good bye, SummerÅ`Ç≥ÇÊÇ»ÇÁÇÕåæÇÌÇ»Ç¢Å`                           ",1.75,3.85,5.15,6.3,1.5,2.85,4.85,5.95,1.85,3.8,5.1,6.3
 GORI GORI                                                        ,2.1,4.6,7.2,,2.35,4.5,8,,3.55,5.25,6.65,
 Grapes                                                           ,3.65,4.3,7.5,,1.65,3.8,6.6,,2.6,4.5,7.95,
 Graphic Melody                                                   ,1.85,3.6,5.85,7.45,1.85,3.5,5.55,6.95,2.8,4.75,6.95,8
 Graviton                                                         ,3.25,5.1,6.8,,3.1,4.95,7.5,,3.4,5.6,8,
 Green Lime                                                       ,3.8,5.75,8.25,,3.75,5.4,7.5,,3.8,5.7,7.1,
 Handsome JET L-Project                                           ,3.4,5,6.75,8.35,,,,,3.05,5.1,7.1,8.7
 Happy man                                                        ,2.85,3.9,4.6,,,,,,4.2,5.35,6.65,
 HAPPYÅIÅ@LUCKYÅIÅ@SUNFLOWERÅI                                    ,2.1,3.85,5,6.45,2.75,4.05,5.25,6.35,2.3,4.15,5.5,6.8
 Hard distance                                                    ,4.35,7.1,8.65,9.6,4.4,5.9,7.05,8.4,4.2,6.4,7.65,8.05
 HEART BEAT FORMULA (GITADORA Ver.)                               ,2.1,4.35,5.75,,1.8,4.65,7.9,,2.3,4.5,7.75,
 HEAVEN INSIDE                                                    ,2.7,4.55,6,7.7,,,,,2.7,4.6,6.1,7.75
 Heaven is a '57 metallic gray                                    ,3.05,4.5,6.3,,,,,,3.7,4.7,6.8,
 HEAVEN'S COCKTAIL                                                ,3.6,6.4,8.6,,3.2,5.3,7.05,,3.45,5.7,8.5,
 heliodor                                                         ,2.7,4.75,6.6,8.1,2.7,4.95,6.6,8.7,3.15,5.15,7.5,8.75
 heron -GITADOROCK ver.-                                          ,1.85,4.35,8.25,,2.25,4.05,6.5,,1.9,4.35,7.35,
 Herring roe                                                      ,3.15,5.35,7.6,8.95,3.25,4.3,6.8,7.95,3.35,5.6,8.7,9.6
 Highway star                                                     ,3.7,6.2,7.1,,4.6,6.1,7.45,,3.8,5.05,7.35,
 HIT IN THE USA                                                   ,1.35,3.75,5,,2.1,4.1,5.25,,1.4,3.3,6.1,
 Homesick Pt.2&3                                                  ,1.8,3.7,4.9,,1.7,3.95,4.9,,2.2,5.25,6.95,
 HOTELÉGÉCÉäÉAÉì                                                  ,1.35,3,4.65,6.1,1.65,3.45,5.15,6.45,1.25,3.4,5.6,7.3
 How do you feel?                                                 ,1.65,3.3,5.35,,1.65,3.75,5.4,,1.75,3.9,6.3,
 humming rabbit                                                   ,1.4,3.8,5.15,6.6,1.5,3.8,6.3,8,2.45,3.9,5.45,6.8
 HunterÅ`Ç«Ç§ÇµÇƒÇ‡ó~ÇµÇ¢Ç‡ÇÃÅ`                                   ,3,4.6,5.9,6.85,2.75,3.65,6.25,7.45,2.45,3.85,7,7.5
 HYDRA                                                            ,3.2,5.85,7.8,,3.75,5.9,6.6,,2.3,5,7.75,
 HYENA (Live Edit feat. 96)                                       ,1.9,5.35,7.5,,3.2,5.2,7.95,,2.2,5.7,9.5,
 HYPER JET LAND                                                   ,3.2,5.7,7.5,,3.35,5.25,6.8,,3.75,5.6,7.6,
 Hyperseven type K                                                ,3.3,6.1,8.5,,3.1,5.45,7.45,,1.8,4.15,7.95,
 hypnotheque                                                      ,5.1,6.45,7.5,,3.2,5.2,6.5,,3.4,4.55,6.7,
 Hypnotica                                                        ,4.05,5.4,6.5,,,,,,2.75,4,5.45,
 I can be!!                                                       ,3.25,5.15,6.35,,3.6,4.5,5.75,,3.4,5.25,8.45,
 I think about you                                                ,1.45,2.4,3.6,,,,,,1.8,3.9,4.9,
 I wanna kiss you                                                 ,2.6,3.75,4.45,,2.65,3.7,4.4,,2.2,4.2,5.1,
 I Want It All                                                    ,1.9,3.1,3.75,,1.55,3.6,4.45,,1.8,3.4,6.8,
 Icicles                                                          ,3.7,5.4,6.5,,2.95,3.8,4.75,,4.25,6,8.65,
 Idola                                                            ,2.8,4.85,6.55,7.9,2.5,4.65,6.25,7.05,2.5,5.25,7.3,8.95
 IlluminatiÅ@Å`åıÇãÅÇﬂÇÈé“ÇΩÇøÅ`                                 ,3.3,4.7,7.35,8.85,2.75,3.75,6.4,7.05,4.75,6,7.4,8.25
 I'm a loser                                                      ,2.8,3.75,6.6,,3.15,3.85,5.65,,3.15,4.3,6.5,
 I'M GONNA GET YOU!                                               ,2.2,4.35,5.8,,2.35,4.15,5.2,,2.3,4.4,5.7,
 I'm so Happy (Rockin' ver.)                                      ,3.35,4.55,6.85,,1.85,3.35,5.1,,2.25,5.45,7.65,
 IMI                                                              ,2.1,4.15,9.3,,2.75,4.2,5.55,,3.3,4.75,7.75,
 IMITATION TOUCH                                                  ,3.35,4.65,6.8,,3.5,4.85,6.35,,3.65,5,7.65,
 Immortal Bind                                                    ,3.75,5.1,6.2,,2.1,3.8,5.1,,3.15,4,7.8,
 In The Breeze                                                    ,2.2,4.15,5.85,7.65,2.35,4.05,5,6.6,2.2,3.95,5.8,7.7
 Infinite                                                         ,3,3.7,4.7,,1.7,3.45,4.35,,4.45,5.2,6.5,
 innocent world                                                   ,1,3.25,4.7,,2.5,3.5,3.95,,1.1,2.95,3.75,
 Insania                                                          ,1.95,4.4,6.95,,2.35,4.3,7,,2.3,5.25,7.75,
 Invincible                                                       ,2.5,3.75,4.55,,2.35,3.85,4.65,,3.05,4.15,5.75,
 IX -GITADOROCK ver.-                                             ,3.45,5.65,8.15,9.6,3.1,5.45,7.7,8.55,2.95,4.6,6.75,8.8
 Jailbreak                                                        ,4.5,7.05,8.7,,4.25,5.9,7.6,,3.75,5.3,8.2,
 Jake in the Box                                                  ,3.25,4.7,6.65,8.85,,,,,3.6,5.3,7,8.2
 Jasper                                                           ,1.5,3.95,6.95,,2.35,3.95,6.7,,3.75,6.65,8.1,
 jet coasterÅôgirl                                                ,4.45,5.85,7.2,,3.55,3.85,5,,2.75,4.85,5.7,
 JET WORLD                                                        ,1.4,3.85,6.6,,,,,,4,4.85,5.55,
 JJ-road                                                          ,3.3,4.05,5.5,,3.5,4.2,5.3,,3.8,5,6.35,
 jkÉpÉâÉ_ÉCÉX                                                     ,3.3,5.85,7.45,,3.65,6.1,7.8,,2.2,3.9,6.7,
 joker                                                            ,3.45,4.45,5.15,,3.1,4.2,5.1,,4.05,5.9,8.5,
 Joyeuse                                                          ,2.35,6.5,8.95,,3.35,6.65,9,,3.1,5.5,9.1,
 Jungle                                                           ,5.25,6.95,8.9,9.75,5.35,6.65,8.45,9.3,5.8,8.45,9.55,9.9
 Just Believe                                                     ,2.6,4.7,5.75,7,2.6,4.5,5.35,6.25,2.3,4.8,7.15,8.3
 KAISER PHOENIX                                                   ,4.25,5.6,7.35,9.65,3.9,5.15,5.95,7.5,4.55,5.8,7.85,8.6
 Keep Ur Dreams                                                   ,3.05,4.75,5.9,,2.8,3.8,5.1,,1.5,3.3,5.8,
 KHAMEN BREAK                                                     ,2.4,4.3,6.95,,2.1,4.2,7.75,,1.6,4.85,8.25,
 kiss me                                                          ,2.5,4.1,5.9,,2.4,4,4.95,,2.05,3.7,5.55,
 KISS ME GOODBYE!                                                 ,2.5,3.65,4.2,,2.6,3.55,4.45,,3.5,5.1,7.9,
 Last Song                                                        ,3.95,5.25,7,8.65,3.6,4.7,5.9,7.3,4.45,5.6,8.45,9.7
 LEMON & SALT                                                     ,3.9,5.35,6.6,9.25,3.5,4.45,6.45,7.8,3.3,5.45,8.2,9.75
 Lepton                                                           ,2,4.2,5.3,,3.25,4.15,5.55,,4.05,5,7.65,
 LET ME BELIEVE                                                   ,2.8,5.1,6.85,9.1,,,,,3,5.5,7.15,8.65
 Libra                                                            ,1.75,3.1,4.8,5.9,1.35,3.2,4.45,5.65,2.2,3,3.95,5.45
 LIFE                                                             ,1.95,4.4,5.45,,1.85,4.15,5.75,,1.95,5,7.5,
 Like&Love                                                        ,1.7,3.35,4.95,,1.95,3.3,5.3,,2.45,4.7,8.1,
 Limit Level                                                      ,3.3,6.1,7.7,,3.65,5.95,7.1,,2.7,4.05,7.45,
 Limitless Possibility                                            ,2.35,4.25,7.65,8.7,3.45,4.75,6.55,7.8,2.9,4.15,6.6,7.45
 Link up                                                          ,1.55,4.55,7.65,,1.45,4.2,6.2,,1.6,3.85,6.75,
 LISTEN TO THE STEREO!!                                           ,1.2,4,5.5,,1.45,3.8,5.35,,1.6,4.3,6.7,
 Little Prayer                                                    ,4.2,6.25,7.8,8.75,4.15,6,7.35,8.75,4.85,6.3,8.1,9.1
 Lost in Blue                                                     ,1.95,3.3,4.85,,1.7,3.3,5.2,,2.25,3.8,5.55,
 LOVE & JOY -GITADORA MIX-                                        ,1.35,4.35,6.35,,1.8,3.3,4.7,,1.7,4.85,7,
 Love Rox!                                                        ,2.75,4.6,5.75,,2.7,4.15,5.2,,3,3.75,5.45,
 LOVE WAR!!                                                       ,3,5.15,6.85,,2.7,4.45,5.65,,2.25,4.75,6.1,
 LoveÅôCarnival                                                   ,3.5,3.95,5.75,,3.3,3.75,6.25,,2.9,4.95,6.45,
 LUCKY? STAFF                                                     ,3.45,5.9,7.2,,,,,,3.35,5.6,7.95,
 MAD BLAST                                                        ,4.4,6.6,6.95,9.25,5.1,6.3,7.05,8.45,4.85,6.2,7.6,8.45
 MAGIC MUSIC MAGIC                                                ,3.9,5.25,6.6,,,,,,,,,
 Magic words ?                                                    ,3.05,4.4,6.25,,2.8,4.95,6.2,,2.95,5,7.1,
 Mambo Caribbean 5                                                ,3.4,4.65,7.1,,2.95,4.7,6.35,,3.3,5.6,7.5,
 MANDARA                                                          ,2.1,4.75,6.25,,3.3,5.15,6.6,,1.75,3.85,8.25,
 Mannequin                                                        ,3,4.6,6.85,,2.25,3.95,5.25,,3.05,4.7,6,
 Marigold                                                         ,1.65,4.2,5.7,,1.45,4.05,5.35,,1.5,3.95,5.5,
 MASCARADA                                                        ,2.3,4.7,6.45,7.65,,,,,2.3,5.45,7.85,8.95
 Megatonic Shaper                                                 ,2.7,3.9,6.75,8.45,2.35,3.95,7.3,8.5,3.05,4.25,6.2,8.5
 memento mori -intro-                                             ,2,4.25,7.3,9.8,1.7,4.45,7.1,9.4,3.4,5.35,8.2,9.8
 Metallic                                                         ,2.4,5.65,8.85,,3.2,5.1,7.9,,2.05,4.55,5.85,
 Micro fin                                                        ,3.1,4,4.9,,2.3,3.45,3.85,,3.6,4.1,5.05,
 MIDNIGHT SPECIAL                                                 ,3.1,4.8,6.2,,2.75,4.65,6,,3.15,5,6.5,
 MIDNIGHT SUN                                                     ,3.15,4.5,7.3,,3.15,5,6.3,,3.75,4.75,7.85,
 Mighty Wind                                                      ,2.35,5.6,7.5,,2.35,5.45,7.6,,3.35,5.1,8.1,
 MIND ERUPTION                                                    ,2.8,3.95,7.45,9.2,2.95,4.35,7,8.8,3.5,4.85,7.3,9.6
 MISS YOU                                                         ,3.1,4.8,7.1,8.6,,,,,3.05,5.75,7.5,8.75
 MODEL DD ULTIMATES                                               ,3.75,5.85,8.8,9.99,3.6,5.35,7.6,9.9,4.6,7.2,8.95,9.95
 MODEL DD10                                                       ,4.3,7.5,8.6,9.7,4.8,5.65,7.35,8.6,4.35,5.95,8.45,9.4
 MODEL DD11                                                       ,3.7,5.75,8.7,9.85,3.3,5.35,7.5,9.45,4.4,6,8.75,9.55
 MODEL DD2                                                        ,4.85,6.35,7.9,8.95,4,4.95,6.4,7.2,5.95,7.15,8,8.95
 MODEL DD3                                                        ,3.35,5.3,7.75,9.1,3.8,4.95,7.95,9.75,5.25,8.1,8.75,9.8
 MODEL DD4                                                        ,5.85,7.35,9,9.8,5.7,6.8,7.75,9.1,4.95,6.3,8.8,9.7
 MODEL DD5                                                        ,4.8,5.9,6.95,8.5,4.8,5.35,6.65,8.45,4.75,6.65,8.25,9.4
 MODEL DD6                                                        ,5.7,6.4,7.45,,4.5,6.4,7.8,,6.3,7.65,8.85,
 MODEL DD7                                                        ,5.6,6.55,8,,4.9,5.7,6.8,,5.15,7.2,8.15,
 MODEL DD8                                                        ,6.1,7.75,8.85,,5.65,7.1,8.8,,4.85,5.85,6.9,
 MODEL DD9                                                        ,5.45,7.65,9.15,9.8,7.75,8.7,9.05,9.75,5.5,8,8.8,9.6
 MODEL FT2                                                        ,4.8,6,7.45,8.5,4.45,5.25,6.5,7.55,5.5,6.75,7.95,8.8
 MODEL FT2 Miracle Version                                        ,3.3,5.25,8.65,9.65,3.3,5.2,7.9,9.8,4.15,6.75,8.9,9.98
 MODEL FT3                                                        ,5,6.65,8,9.75,5.25,6.9,8,9.1,3.9,5.9,7.95,8.95
 MONSTER TREE                                                     ,2.25,3.85,4.95,,1.9,3.7,4.7,,2.05,3.45,5.7,
 Moon of Muse                                                     ,2.6,4.15,6.3,,2.1,3.75,4.9,,2.9,5,6.65,
 Moonlight Walkin'                                                ,2,4.7,6.1,,2.7,4.05,5.35,,3.15,4.75,6.6,
 Mother Tree                                                      ,3.6,5.1,6.1,7.35,2.75,3.6,4.65,5.85,2.75,5.75,7.65,8.7
 Mr. Darling                                                      ,1.05,1.7,3.75,5.65,1.15,1.75,4.15,5.65,1.35,2.7,4,5.3
 murmur twins (guitar pop ver.)                                   ,3.2,4.4,6.35,,3,4.65,6.1,,3.4,4.7,6.35,
 mushroom boy                                                     ,3.2,4.85,7.2,,3,5,7.05,,3.05,4.55,6.5,
" My Way, My Life                                                  ",2.8,3.75,5.9,8.1,2.35,3.6,5.95,7.7,3.15,4.15,5.9,7.2
 NAKED SCREAM                                                     ,2.7,4.5,6.35,,2.8,4.45,6.3,,3.35,5.3,8.2,
 Nature(GITADORA ver.)                                            ,3.5,5.95,8.9,9.9,3.65,5.5,8.7,9.7,3.55,5.75,7.5,9.45
 neko*neko                                                        ,3.1,4.45,6,7.95,2.5,3.65,4.45,5.55,1.95,4.45,6.4,8.25
 Never Look Back in Sorrow                                        ,2.3,5.15,6.65,,2.6,3.95,5.75,,3.75,5.5,8.95,
 NEW LEGEND                                                       ,3.9,6.5,7.9,,4.4,6.8,8.35,,2.8,4.15,8.4,
 nightbird lost wing (GITADORA ver.)                              ,1.95,3.95,6.5,,2.75,4.1,6.8,,1.85,4.05,7.4,
 NIL                                                              ,2.95,5.1,5.5,,2.95,4.6,5.9,,3.4,4.4,6.3,
" No pain, No game                                                 ",1.45,3.5,5.2,,1.9,3.75,5.35,,1.4,3.45,6.4,
 No Reason of Fear                                                ,2.6,4.55,6.65,8.45,3,4.5,6.65,8,3.5,4.5,6.3,7.95
 no way ...                                                       ,4.45,7.1,7.7,,3.25,4.6,5.7,,2.3,4.45,7,
 No Way For One Will                                              ,4.35,5.85,6.95,,4,5,6.5,,3.1,4.2,6.6,
 no where now here                                                ,2.1,3.9,5.45,,2.75,4.4,6.25,,2.8,4.5,6.5,
 Noli Me Tangere                                                  ,3.3,4.9,7.75,9.15,3.35,4.4,7.1,8.1,3.85,6.05,8.25,9.4
 O JIYA                                                           ,2.6,3.95,7.2,,2.7,4,6.35,,3.05,5.1,8.7,
 Obsidian                                                         ,3.3,5,7.65,9.45,3.1,4.8,7.6,8.65,3.15,5.95,8.45,9.7
 On top of the world                                              ,3.7,4.6,7,,3.15,4.1,8.35,,4.1,5.5,8.15,
 One Phrase Blues                                                 ,4.45,5.5,7.9,,3.55,4.5,6.45,,4.75,5.95,8.2,
 only my railgun                                                  ,1.3,4.55,6.75,,2.6,4.15,6.75,,1.2,3.5,7.45,
 ONLY ONE                                                         ,2.5,4.1,5.4,,2.5,3.6,5.65,,2.1,5.5,7.3,
 Opus Life                                                        ,2,4.25,6,7.8,2.5,4,5.15,5.95,2.65,5,6.25,7.5
 Orange Flower Garden                                             ,1.25,4.55,5.8,,3.05,4.6,5.7,,1.3,5,6.6,
 Orbital Velocity                                                 ,3.75,5.55,7.5,,3.35,4.75,5.95,,3.75,5,6.65,
 OVER THE LIMITÅI                                                 ,3.6,4.3,5.25,,2.4,3.9,4.65,,2.9,3.8,6.75,
 over there                                                       ,5.25,6.4,9.05,9.6,4.45,5.05,6.3,7.3,5.85,7.2,8.55,9.6
 OVERHEAT -Type GD-                                               ,3,4.75,7.45,9.05,1.95,4.05,5.55,6.95,2.1,4.5,6.1,8.15
 overviews                                                        ,3.45,4.7,6.95,9.05,3.2,4.45,6.5,8.15,3.95,5.8,8.75,9.75
 P.P.R.                                                           ,2.25,3.65,4.95,,3,4.1,4.95,,3.4,4.75,6,
 Party People                                                     ,1.75,4,6.35,7.25,1.4,3.2,4.9,5.85,2.7,5,6.7,8.65
 PATRIOT'S DREAM(î¸ÇµÇ≠â‘Ç∆éUÇÍ)                                  ,1.3,4.45,6.95,,2.1,3.8,5.75,,1.25,4.35,7.85,
 photon                                                           ,3.25,4.7,6,8.6,3.6,4.75,6.35,8.25,3.4,5.5,7.65,8.7
 Piece of History                                                 ,3.6,5.15,6.75,,3.45,5.5,7.35,,3.25,4.85,7.15,
 Pink Bird                                                        ,3.55,5.3,6.45,,3.15,4.5,5.65,,2.65,4.55,6.6,
 Piranha                                                          ,3.15,4.15,5.7,,3,3.65,4.8,,1.95,4.5,5.7,
 plastic imitations                                               ,3,4.7,6.3,,1.55,4.3,5.9,,3.25,4.2,5.9,
 Plastic Umbrella                                                 ,2.8,4.55,6.4,,2.5,4.4,6,,3.45,5.1,6.75,
 Plum                                                             ,2.5,4.25,7,,3.25,4.15,5.7,,3.3,5.05,7.75,
 Polaris                                                          ,3.8,5.45,6.55,,3.9,5.55,7.75,,4.05,5.35,7.75,
 pot-pourri d'marmalade                                           ,2.25,4.1,7,,,,,,3.15,5.1,7.9,
 POWER                                                            ,3,4.85,6.3,,2.2,5.1,6.15,,2.95,4.15,5.95,
 Power Game                                                       ,3.4,5.45,6.4,,3.45,4.7,6,,3,5.8,8.6,
 Pray to the Earth                                                ,2.5,4.6,7.05,8.65,2.8,4.3,6.65,7.4,3.45,5.5,7.2,8.8
 precious heart                                                   ,1.5,5.7,7.75,,3,5.25,6.85,,2.1,4,7.75,
 Predator's Crypto Pt.1                                           ,3.7,6.5,7.4,8.25,3.75,5.85,7.05,7.75,3.85,5.1,7.65,8.55
 Predator's Crypto Pt.2                                           ,4,7.05,7.9,8.4,3.95,6.1,7.6,8.55,3.8,5.6,7.8,8.9
 Pretty Trying                                                    ,1.65,3.05,4.9,6.5,1.7,3.1,5,6.1,2.3,4.05,5.5,6.75
 PRIMAL SOUL                                                      ,2.85,4.6,6.75,,,,,,3.4,6.2,7.9,
 PRIME LIGHT                                                      ,4.65,6.65,7.8,,4.4,6,7.75,,4.7,6.2,7.95,
 prism                                                            ,1.75,3.65,6.1,7.6,1.55,3.95,6.75,8.1,2.5,4.25,5.9,7
 PUNISHER                                                         ,1.55,5.35,7.05,,2.6,4.3,6.3,,1.95,4.55,8.55,
 Purple storm                                                     ,4.55,7.75,8.8,,4.4,6.4,7.5,,4.85,6.3,7.95,
 Quarrel and Harmony                                              ,3.65,5.25,7.95,9.1,3.5,4.9,7.7,8.45,3.8,5,6.75,8.1
 quaverÅÙ ÉMÉ^ÉhÉâ ver.                                           ,2.4,4.6,7.6,,2.3,4.35,6.2,,2.45,4.05,6.9,
 R#1                                                              ,4.35,7.65,8.65,,3.6,5.1,5.7,,3.6,4.45,6.25,
 rage against usual                                               ,3.4,5.6,8.45,9.6,2.35,4.3,5.55,6.5,2.65,4.75,7.65,8.8
 RAGNAROK                                                         ,2,5.1,7.9,,2.3,4.1,5.75,,1.8,4.35,7.95,
 Raidillon                                                        ,2.95,5.4,6.75,,2.6,5.1,6.35,,3.45,4.4,7.3,
 Raining Sunshine                                                 ,2.2,3.95,6.25,,1.7,3.7,5.2,,2.6,4.35,6.6,
 RAINY DAYS                                                       ,3.15,4.8,6.85,8.25,2.95,4.55,5.45,6.55,3.4,4.85,6.75,8.2
 Re:GENERATION                                                    ,1.85,3.85,5.75,,1.9,3.95,5.1,,2.4,4.7,7.7,
 Reaching for the Stars                                           ,2.7,4.8,6.4,,2.5,4.35,5.75,,4.15,6.2,7.75,
 Real Å`LÉTÉCÉYÇÃñ≤Å`                                             ,2,4.4,6,,2.25,4.3,5.9,,3.05,4.9,6.15,
 REALIZE                                                          ,3.4,6.2,8.15,,3.1,5.6,7.05,,4.7,6.95,9.75,
 rebirth of love                                                  ,1.65,2.95,4,6.75,1.4,2.8,4.55,5.95,2.7,3.55,4.45,5.85
 Red                                                              ,4.55,5.65,7.3,,3.5,4.4,5.3,,3.25,4.2,6.75,
 Red haze                                                         ,1.7,4.05,5.6,7.8,2.85,3.75,5.55,6.85,3.05,4.4,6.05,7.6
 RePrise                                                          ,2.1,3.95,5.2,,3.1,4.05,4.8,,2.7,4,6.1,
 Restart                                                          ,1.35,4.2,6.5,,2.75,4,5.7,,2.2,6.8,9.2,
 Return of the throne                                             ,3,4.05,8.1,,3.95,5.65,7.75,,3.1,4.15,6.95,
 REVOLUTION                                                       ,5.15,6.1,6.85,,2.4,5.1,6.3,,3.55,5,7.45,
 RIGHT ON TIME                                                    ,4.45,5.6,6.85,,3.15,4.5,5.4,,3.35,4.2,5.95,
 Right on time (RyuÅôRemix)                                       ,4.7,5.8,7.9,,2.6,3.45,4.3,,2.4,4.3,7.95,
 Ring                                                             ,2.85,5.8,7.45,,2.95,5.5,7,,3.1,4.1,5.9,
 Riot of Color                                                    ,3,5.2,6.45,8.75,3.4,5.3,6.75,8.15,3.25,4.85,7.35,8.8
 Road of Resistance                                               ,1.85,4.7,7.45,8.5,2.35,4.5,6.45,8.25,2.45,4.95,7.45,9.4
 Rock to Infinity                                                 ,4.4,7.05,8.8,9.8,5.65,7.1,8.35,9.2,5.85,7.75,8.8,9.95
 ROCKET MAN                                                       ,3.6,5.7,7,,3.25,5.25,6.95,,3.15,4.45,7,
 ROCKIN' PARADISE                                                 ,3.2,5.25,6.5,,3.75,5,6.35,,4.05,5.5,8.15,
 Rosetta Stone                                                    ,3.4,4.4,6.95,8.15,3.5,5.5,7,8.25,3.3,4.6,7.5,8.75
 ROZA DE ANDALUCIA                                                ,2.95,5.35,7.7,9.3,3.35,5,7.55,9.05,3.4,5.6,8.25,9.55
 Ruins                                                            ,1.65,3.75,5.95,8.35,1.75,3.7,6.25,8.1,2.45,4.85,6.05,7.5
 Run Run                                                          ,2.1,4.9,6.75,,2.3,3.95,6.75,,2.3,4.15,7.9,
 Ru-Ru-Ru                                                         ,3,4.65,6.3,,2.35,4.35,5.7,,3.05,4.75,6,
 Rush!!                                                           ,1.5,4.3,5.95,,2.4,3.5,5.6,,1.9,3.9,6.65,
 Russian Caravan Rhapsody                                         ,1.75,4.1,6.4,7.8,2,4.3,5.6,7.5,1.95,4.3,7.1,8.6
 S. LAUNCHER                                                      ,2.75,5.2,8.8,,1.85,3.85,6.2,,3,4.95,7.6,
 Sacred Oath (GFDM EDITION)                                       ,2.85,4.15,5.35,,1.85,4.1,6,,2.4,4,6.5,
 SA-DA-ME                                                         ,3.25,4.6,6.6,,2.95,4.75,6.25,,2.25,4.1,5.9,
 Sakura Sunrise (GITADORA ver.)                                   ,2.1,4.05,6.45,,1.65,3.4,5.45,,2.4,5.15,7.85,
 Sand Blow                                                        ,1.7,3.65,5.65,7,1.35,4.3,5.6,6.45,2.05,4.1,6,7.45
 SAVIOR OF SONGÅifeat. MY FIRST STORYÅj                           ,1.25,3.9,4.95,,1.4,4.05,5.5,,1.95,4.15,6.05,
 Say                                                              ,2.5,3.55,5.55,,1.85,3.2,4.6,,2.9,4.7,6.25,
 SAY WHAT YOU MEAN                                                ,3.95,5.75,6.75,,3.35,4.95,6.3,,3.9,6.05,6.7,
 Screaming Your Faith!!!                                          ,2.5,5.65,6.75,,2.5,4.45,5.35,,1.95,4.35,8.15,
 SCREW DRIVER                                                     ,3.4,4.85,6.3,7.7,2.8,4.45,6.25,8.55,3.7,4.6,7.45,7.85
 SEA ANEMONES                                                     ,1.9,3.85,5.5,7.9,1.7,3.55,5.1,7,3.1,4.85,6.95,8.5
 SEASONS                                                          ,1.75,3.9,7.3,9.25,3.05,4.4,6.7,8.65,2.2,4.6,6.4,8.4
 Second Limit                                                     ,1.1,5.25,7.05,,1.75,4.3,5.45,,1.55,3.5,6.05,
 Sense of the Scamper                                             ,2.7,3.75,5.45,6.65,2.3,4.2,4.95,5.8,1.95,3.8,5.55,6.95
 serial number                                                    ,2.5,3.6,4.85,,2,3.75,5.2,,2,3.85,4.95,
 Shake and ShoutÅIÅI                                              ,3.65,5.3,7.2,8.95,3.5,4.75,6,6.9,3.35,5.05,6.05,7.45
 Shining Wings                                                    ,2.7,4.25,6.5,,2.5,4.3,6.8,,2.3,4.15,5.8,
 Shining Wizard                                                   ,2.95,3.9,7.7,,2.2,3.8,7.6,,2.6,4.6,8.75,
 Shout!!                                                          ,2.35,4.05,5.25,,2.7,3.9,5.25,,2.7,4.85,6.6,
 Silver star                                                      ,2.6,4.5,6.7,8.6,2.1,4.45,6.95,8.5,2.95,5.45,6.9,8.45
 Sing A Well                                                      ,2.7,4.5,5.65,,2.25,3.4,4.55,,1.7,3.9,5.25,
 Siren                                                            ,3,5.35,6.65,,3.05,4.75,6,,2.7,4.35,6.3,
 SIX DIMENSION                                                    ,3.9,5.5,8.45,9.05,4.3,5.65,7.85,8.25,4.75,7,8.7,9.25
 Ska Ska No.1                                                     ,2.25,3.8,4,,,,,,2.8,3.9,4.85,
 Sky Runner                                                       ,3.05,4.2,6.25,7.1,2.75,4.7,6.85,7.45,2.8,4.55,7.4,8.55
 Skyphobia                                                        ,2.5,4.15,7.95,9.15,3.15,4.65,6.6,8.1,2.3,4.45,7.8,8.95
 Skyscraper                                                       ,3.1,4.65,8.65,9.9,2.35,4.6,6.55,8.25,3.25,6.05,8.85,9.9
 Slang                                                            ,3.5,5.75,7.8,,3,4.2,6,,4.15,5.15,6.75,
 Snow Goose GFDM ver.                                             ,2.7,3.9,7.7,,1.8,4.2,8.15,,2.3,5.75,8.65,
 snow prism (GFDM ver.)                                           ,2.75,4.05,6.25,,2.8,4.05,5.45,,2.6,4.2,7.9,
 Snowy India                                                      ,3.55,6.3,7.7,8.65,3.85,6.75,7.95,8.55,3.05,5.05,8.45,9.35
 sola GITADORA ver.                                               ,1.65,4.25,7.3,,2.35,4.15,6,,2.45,5.5,8.5,
 solitude                                                         ,2.5,4.35,6.65,,2.6,3.95,6.85,,3.3,5.15,8.25,
 SOME HARD REACTIONS                                              ,3.05,4.3,5.85,7.95,,,,,3.55,5.35,6.5,8.1
 Sonne                                                            ,5.7,7.8,9.1,9.65,5.65,7.3,8.45,9.5,5.8,7.5,8.5,9.7
 SPACE DRIVER                                                     ,2.4,4.5,5.85,,2.75,4.6,5.9,,2.45,3.9,6.3,
 Spanish Snowy Dance (daybreak ver.)                              ,2.8,6.45,9.15,,1.85,4.9,7.7,,3.45,5.95,8.65,
 spectrum                                                         ,3.4,5.5,8.75,,3.5,5.25,7.1,,3.05,4.95,7.45,
 Speeders                                                         ,3.05,4.05,5.6,,3,4.1,5.25,,2.25,3.95,5.95,
 Spiral Wind                                                      ,3.25,5.15,7.6,,3.3,5.55,6.8,,3.4,4.8,9,
 SPRING BAZOOKA                                                   ,3,6.25,8.45,9.4,3.05,4.6,6.25,7.8,3.15,4.15,7.35,8.9
 Spring Pain                                                      ,2.1,3.6,4.7,,2.35,3.65,4.1,,2.1,3.6,6.1,
 Squeeze -GITADORA Mix-                                           ,1.95,5.15,7.3,,3,4.55,5.6,,1.75,3.8,6.75,
 STAND PROUD                                                      ,1.85,3.9,6.35,8.45,2.4,4.05,5.5,6.75,2.05,4.4,6.25,7.45
 Starlight Parade                                                 ,2.75,4.05,5.6,,3,4.35,6.8,,3.05,5.05,8.55,
 Stay away                                                        ,2.1,3.7,4.6,,2.8,3.75,4.6,,1.25,2.05,4.4,
 Stella Sinistra                                                  ,2.25,4.55,8.45,,1.9,4.15,7.95,,1.8,4.55,8.7,
 Stellar Notes                                                    ,3.3,4.6,6.45,8.15,3.3,4.35,6.1,7.7,3.55,4.9,6.8,8.8
 STOP SPINNING ME IN CIRCLES                                      ,3.3,4.3,5.95,,2.6,3.65,4.8,,3,4.4,5.5,
 STOP THIS TRAIN                                                  ,3,4.9,6.7,,3.05,5.35,6.65,,3.55,4.8,6.05,
 Street For Student                                               ,2.7,4.55,6.95,8.25,3.35,4.7,6.65,8,2.45,4.35,7.35,8.6
 Strike Party!!!                                                  ,2.5,4.95,7.75,,2.2,4.4,8.45,,3.25,4.25,6.25,
 STULTI                                                           ,1.85,5,7.25,,1.8,4.25,6.55,,1.75,4.85,8.85,
 Summer '64                                                       ,2.25,5.25,6.95,,2.1,5.35,7.7,,3.25,5.75,8.45,
 Summer Holiday                                                   ,2.3,3.6,6.45,,3,3.65,5,,2.05,3.5,6.25,
 Summer Lady                                                      ,2.6,3.7,5.2,,2.5,4.05,5.25,,2.3,4.8,5.85,
 Surge                                                            ,2.35,4.2,6.1,8.55,1.45,3.65,5.25,7,1.95,4.15,6.3,7.75
 SUZY AND THE TIME MACHINE                                        ,2.95,5,6.95,,,,,,3.15,4.95,7.45,
 Sweet Illusion                                                   ,3,4.2,6.6,,,,,,1.95,4.05,5.9,
 Swimming In Love                                                 ,2.85,5,6.35,,2.8,3.75,5.15,,2.95,4.25,6.25,
 Synergy For Angels (GITADORA Ver.)                               ,1.4,4.35,7,,1.5,3.95,6.45,,1.45,4.15,8.1,
 TABIDACHI                                                        ,2.4,5.35,6.65,,3.25,4.85,6.6,,3,4.95,6.8,
 Take My Hand                                                     ,2.7,4.45,6.8,,2.4,4.25,5.45,,3.6,5.1,6.95,
 TEAR OFF YOUR CHAIN                                              ,1.4,4.7,8.15,,1.5,4.4,7.7,,2.2,5.75,9.1,
 TENGU                                                            ,3.5,6.5,8.35,,4.55,6.25,7.5,,3.75,5.25,8.2,
 Terra Car                                                        ,2.35,4.55,7,9.25,2.8,4.45,7.6,8.75,2.9,4.45,7.75,9.1
 The Least 100sec                                                 ,5.9,7.8,8.75,9.5,5.45,6.8,7.3,7.8,4.3,6.3,8.95,9.95
 The Messenger (not decorated)                                    ,3.1,5.25,7.1,,3.05,4.3,5.2,,3.1,4.85,6.45,
 The New Myth                                                     ,3.6,5.35,8.1,9.5,3.75,6.25,7.85,8.85,4,5.6,7.4,9.4
 THE OCEAN AND YOU                                                ,3.5,4.05,4.95,,3.35,4.3,7.2,,2.95,3.85,4.7,
 The Sound of Truth                                               ,3.95,5.9,8.45,,3.7,4.8,5.65,,2.7,4.1,8.45,
 The Town of Sunrise                                              ,2.7,4.1,5.95,8.25,2.6,3.75,5.75,7.45,2.75,3.9,5.5,7.65
 The ULTIMATES -Brightness-                                       ,3.05,4.95,7.5,9.45,2.95,4.75,6.2,7.95,3.05,4.85,7.4,8.6
 The ULTIMATES -Darkness-                                         ,2.8,4.85,7.95,9.15,3,4.8,7.65,9.1,4.1,6.4,8.65,9.5
 The óEãC                                                         ,2.4,4.75,6.1,,2.3,4,5.6,,1.65,3.55,5.7,
 THREE WORMS                                                      ,3.6,5.75,6.65,,3.75,5.8,6.7,,3.25,5.8,8.2,
 Through the Fire and Flames                                      ,4.9,7,8.55,9.55,4.55,6.2,7.15,9.15,3.45,5.75,8.1,9.15
 TIERRA BUENA                                                     ,1.9,4.85,7.6,,1.55,4.4,5.4,,2.95,5.45,7.2,
" TIGER, TOO                                                       ",3.85,5.8,7,,3.25,5.75,7.5,,3.9,5.75,7.1,
 Timepiece phase II                                               ,5.8,7,8.8,9.45,5.15,5.45,7.35,8.55,6.3,7.7,8.8,9.2
 Tizona d'El Cid                                                  ,2.6,4.95,6.65,,2.7,4.7,6.85,,3.95,5.8,8.2,
 To the IST                                                       ,1.95,4.1,5.1,,1.35,2.6,3.6,,2.9,4.55,5.3,
 too late two                                                     ,2.8,4.45,5.95,,3.6,4.45,5.65,,3,4.8,6.45,
 TOXIC VIBRATION                                                  ,3.3,5.85,7.8,9.5,3.2,5.3,6.25,7.1,3.4,4.75,7.5,8.9
 TRICK                                                            ,3.2,4.3,5.95,,2.95,3.8,5.3,,3.1,4.9,7,
 Triple Journey -OJ EDITION-                                      ,2.7,4.15,6.55,,3,4.4,6.3,,2.8,4.6,6.75,
 True Love and Valentines                                         ,2.25,3.8,6.1,7.75,2.25,4.7,5.95,7.5,2.8,4.35,6.2,7.65
 Twilight                                                         ,2.7,3.9,6.35,8.1,1.95,3.65,6.55,7.95,3.3,4.25,5.75,7.4
 Twinkle Star                                                     ,3.2,4.25,6.95,,,,,,2.1,4.4,7.65,
 Two Hurt                                                         ,1.35,6,8.55,,3.5,5.1,6.1,,1.25,5,7.8,
 under control                                                    ,3.9,5.9,7.7,8.75,4.9,6,7.3,8.4,4.55,5.7,7,9.1
 Under The Nest -Remaster-                                        ,1.95,3.8,4.85,5.9,2.35,3.75,4.65,5.75,2.1,4.35,5.35,6.7
 UNLIMITED FIRE                                                   ,3.2,4.25,5.25,,2.8,6.3,7.7,,1.9,3.75,6.4,
 Utopia                                                           ,2.1,3.75,5,,2.25,4,5.35,,3.05,4.75,7.15,
 Vampire Killer                                                   ,3.5,5.7,7.6,,3.3,5.1,6.2,,2.5,4.5,7.2,
 VANESSA -ì]ê∂ï“-                                                 ,3.05,5.8,7.65,9.8,3.15,4.75,5.8,8.45,3.75,5.05,6.65,8.8
 Veneficus Verticis                                               ,3.2,4.65,7.5,,2.8,4.45,6.85,,3.05,5.45,8.4,
 Venus                                                            ,3.1,5.35,6.5,,2.7,4.2,5.95,,3.55,4.45,5.95,
 Vertigo                                                          ,2.7,5.15,7.05,,2.6,4.35,6,,3.4,4.3,6.05,
 Victory!                                                         ,3,4.4,6.8,,1.9,3.95,4.95,,1.95,3.95,8.1,
 Virga Gigantum                                                   ,3.6,5.55,7.75,8.85,3.55,5.15,7.35,8,4.3,5.6,7.4,9.25
 ViViD                                                            ,1.35,4.85,6.85,,1.85,3.8,5.35,,1.75,3.55,6.2,
 VOICE                                                            ,2.4,3.95,5.95,,2.1,3.9,4.9,,1.7,5.3,6.6,
 VOIDDD                                                           ,3.75,4.85,8.1,,2.75,4.5,7.7,,1.9,5.05,8.2,
 walk with you                                                    ,2.7,4.5,5.85,,2.6,4.25,6.1,,1.75,3.9,5.45,
 Wall Street down-sizer                                           ,2.4,4.95,6.2,,2.6,5.2,7.8,,2.9,5,6.75,
 Walnuts                                                          ,4.7,6,7.75,9.4,4.5,5.55,7.05,8.5,2.7,4,5.8,7.3
 War evasion                                                      ,3.3,5.2,7,8.6,3.5,4.55,6.1,7.8,3.8,4.85,6.65,8.75
 Water frame                                                      ,3.55,4.55,5.7,,3.65,5.25,6.45,,2.25,3.8,6.45,
 WE ARE                                                           ,3.15,4.8,5.15,,4,4.9,6,,2.25,4.95,6.45,
 White tornado                                                    ,5.8,7.45,8.9,,6,7.7,8.7,,4.4,5.9,8.25,
 White wings                                                      ,4.35,6.5,7.75,,2.95,4.65,6.1,,2.9,4.35,6.05,
 WILD CREATRURES                                                  ,2,4.2,5.3,,2.6,4.45,5.45,,1.55,4.3,7.65,
 WILD RIDE                                                        ,2.7,4.15,6.95,,2.5,4.4,7,,3.5,5.6,7.65,
 WITCH HUNT                                                       ,2.1,4.5,7.1,9.55,1.9,4.3,6.3,7.6,2.3,4.85,7.1,8.85
 wound                                                            ,1.9,3.95,5.6,6.95,1.45,3.75,6.3,7.3,1.9,4.1,6.4,8.4
 Xenon                                                            ,3,5.55,6.95,8.6,2.85,4.65,6.6,8,4.35,6.9,8.65,9.3
 X-Plan                                                           ,2.3,5.5,7.05,,3.5,4.7,6.75,,2.65,5.75,7.8,
 X-treme Grade                                                    ,3.6,6.4,8.45,9.75,2.95,4.35,6.85,8.25,4.05,5.5,8.6,9.4
 YARA TUM KAHAN?                                                  ,3.4,4.05,5.55,,3.5,5.65,8.55,,2.65,5.3,7.6,
 Yellow Panic Time                                                ,2.95,4.95,6.6,,2.75,4,5.2,,4.25,5.05,6.4,
 You can't do it if you try                                       ,3.25,5.7,7.95,,3.15,5.85,7.35,,3.6,4.8,6.25,
 You've Got 2 Get Me                                              ,4.2,6.35,7.95,,4.2,5.2,8.25,,2.4,4.75,7.5,
 ZENITH                                                           ,2.25,4.5,7.05,,2.25,4.35,6.5,,3.1,4.5,7.4,
 Zigzag Life                                                      ,4,6.25,7.35,,4.05,5.75,7.5,,4.35,6.4,8.2,
 ZONE//ALONE                                                      ,1.25,3.3,4.75,,1.65,4.05,5.15,,1.4,4.75,6.3,
 ÉøÉœÉ‘É≈                                                         ,4.05,5.35,6.65,,3.55,4.8,6.6,,5.65,6.7,8.6,
 ÉAÅ[ÉäÉ}Éì                                                       ,3.75,5.2,6.4,,3.45,4.3,5.5,,3.9,5.15,7.45,
 Ç†ÇΩÇµÇÅõÅõÇµÇƒÇ≠ÇæÇ≥Ç¢                                         ,2.1,4.7,6.4,7.7,2.25,4.15,5.95,7.8,3.45,4.85,6.8,8.5
 Ç†Ç»ÇΩÇ™évÇ§ÇÊÇËà§ÇµÇƒÇ¢ÇΩ                                       ,2.35,4.4,6,,2.25,4.35,6.1,,3.05,4.9,6.5,
 ÉAÉãÉXÉgÉçÉÅÉäÉA (GITADORA Ver.)                                 ,3.3,5.65,7.5,,3.55,5,6.3,,3.05,5,8,
 ÉAÉìÉ}Å[                                                         ,1.9,3.4,4.45,,1.35,2.6,3.75,,1.85,3.5,4.75,
 ÉAÉìÉÇÉmÉNÉçÅ[ÉÄ                                                 ,2.95,3.9,5.75,7.35,1.8,4.25,5.85,6.85,2.25,4.05,6,7.85
 Ç¢Ç´Ç‡ÇÃé∏äi                                                     ,2.25,3.9,6.4,,1.45,3.6,5.7,,1.75,4.15,5.95,
 ÉCÉWÉèÉãÇ»Ç†Ç»ÇΩ                                                 ,3.8,5.7,6.85,,3.8,4.9,6,,1.95,4.6,6.6,
 ÉCÉoÉâÉmÉ~É`                                                     ,2.3,4.25,5.3,,2.6,4.05,5.15,,3.25,4.45,6.4,
 ÉCÉuÇÃéûë„Ç¡ÅI                                                   ,3.5,4.7,6.8,,3.1,5.45,7.05,,2.2,5.1,7,
 Ç¢Ç‹Å@â‰ÅXÇ…Ç≈Ç´ÇÈÇ±Ç∆                                           ,2.2,3.85,5.85,7.6,1.9,3.3,5.15,6.75,1.8,4.25,6.3,7.95
 ÉîÉBÅ[ÉiÉXÇ∆ÉWÅ[ÉUÉX                                             ,1.25,3.55,4.9,,1.95,3.55,4.35,,1.35,3.8,4.95,
 ÉGÉLÉTÉCÉeÉBÉìÉOÅIÅIÇ‡ÅEÇøÇ·ÅEÇøÇ·Åô                             ,2.1,4.05,5.85,8.25,1.85,3.8,6.1,8.25,3.55,4.85,6.9,8.95
 Ç®ïƒÇÃî¸ñ°ÇµÇ¢êÜÇ´ï˚ÅAÇªÇµÇƒÇ®ïƒÇêHÇ◊ÇÈÇ±Ç∆Ç…ÇÊÇÈÇªÇÃå¯â ÅB     ,2.4,5.1,8.25,,3.75,5.45,6.55,,2.25,5.5,9.1,
 ÉJÉPÉâ                                                           ,1.65,3.4,5.25,7.1,2.1,3.55,5.5,6.75,2.2,4.05,6.45,8.1
 ÉJÉSÉmÉgÉä                                                       ,3.35,4.4,6.7,,3.95,5.15,7,,2.8,6.35,7.75,
 ÉJÉ^ÉãÉVÉXÇÃåé                                                   ,2.1,4.15,6.1,,2.5,4.65,6.25,,3,3.95,6.1,
 ÉKÉâÉXÇÃè¨èM                                                     ,1.5,3.65,4.45,,1.65,3.15,4.15,,2.45,4.1,4.8,
 ÉKÉâÉXâzÇµÅ®ÉoÉCÇ»Ç§                                             ,2.1,3.35,5.85,,1.75,4.2,5.3,,2.6,4.85,6.65,
 ÉKÉâÉi                                                           ,1,3.9,4.5,,2.2,3.35,4.15,,1.3,2.9,5.35,
 Ç©ÇÁÇ”ÇÈÇœÇ∑ÇƒÇÈ                                                 ,2.8,4.1,5.5,,2.75,4,5,,3.6,4.95,6.8,
 ÉLÉPÉìÇ»â é¿                                                     ,2.35,3.65,6.85,,1.85,4.2,5.95,,1.3,5.25,8.85,
 ÉMÉ^ÅEÉhÉâÅEjubeatëÂâƒç’ÇËÇÃÉeÅ[É}                               ,2.4,4.7,6.6,,2.8,4.4,5.8,,3.4,5.75,7.9,
 ÉMÉ^Å[ÉhÉâÉCÉu                                                   ,1.75,3.3,5,6.25,1.85,3.2,4.8,5.85,2.2,3.9,5,6.3
 ÉLÉãÉg                                                           ,1.15,4.65,5.65,,2.1,3.8,5.15,,1.15,4.8,7.9,
 ÇÆÇ¡ÇŒÇ¢ my crybaby                                              ,1.45,3.5,5.55,,1.3,3.75,5.15,,1.7,3.85,5.45,
 ÉOÉbÉoÉCÉWÉáÉjÅ[A                                                ,1.95,3.5,4.95,6.1,2.1,3.4,4.4,5.3,2.2,3.7,5.3,7
 ÉNÉäÅ[ÉìÉNÉäÅ[Éì                                                 ,2.85,4.45,5.5,,2.85,4.25,5.3,,2.6,5.15,7.2,
 ÉNÉäÉÄÉ]ÉìÉQÉCÉg                                                 ,2.95,4.8,7.05,8.5,4.25,5.4,6.75,8.35,3.5,4.9,7.5,8.75
 ÉQÅ[ÉÄÇÊÇËà§ÇçûÇﬂÇƒ                                             ,4.6,6.55,8.25,9.35,3.1,5.85,6.6,7.75,5.55,6.9,8.1,9
 ÉSÅ[ÉCÉìÉOÅ@É}ÉCÅ@ÉEÉFÉCÅI                                       ,3.85,5.8,8.9,9.98,3.55,4.45,5.5,6.45,2.5,4.2,6.25,7.3
 Ç±ÇΩÇ¬Ç∆Ç›Ç©ÇÒ                                                   ,2.4,4.05,5.2,,2.25,3.95,5.1,,2.9,4.35,5.7,
 Ç±Ç»Ç‡ÇÒâÆêlèÓâÃ                                                 ,2.35,3.95,5.8,,2.85,4.2,5,,2.65,4.9,5.95,
 Ç±ÇÃéqÇÃéµÇ¬ÇÃÇ®èjÇ¢Ç…                                           ,5.15,6.35,8.35,,4.75,6.6,7.9,,5.45,6.75,8.15,
 Ç±ÇÌÇÍÇªÇ§Ç»Ç‡ÇÃ                                                 ,2.25,4.05,5.75,,1.4,3.75,4.35,,2.7,5.35,7.6,
 ÉTÉCÉåÉìÉTÉCÉì                                                   ,2.8,3.95,5.75,7.8,3,3.95,5.65,7.6,2.3,4.55,6.65,8.5
 ÉTÉÄÉâÉCÉnÅ[Ég ÅiSome Like It Hot!!Åj                            ,2.25,3.95,5.45,,2.3,3.95,5.55,,2,3.65,6.6,
 ÉTÉàÉiÉâÅEÉwÉîÉì -GITADOROCK ver.-                               ,3,4.5,7.35,9.6,2.5,4.4,6.2,7.5,2.65,4.55,7.65,8.9
 ÉTÉàÉiÉâÉiÉ~É_                                                   ,2.5,4.15,5.95,,3.25,3.75,4.8,,3.4,5.95,7.65,
 Ç≥ÇÊÇ»ÇÁñlé©êg                                                   ,3.25,4.45,5.8,,2.85,4.75,6.2,,3,5.7,7.95,
 ÇµÇ©ÇÁÇÍì˙òa                                                     ,2.4,4.35,6.35,,2.3,4.8,6.25,,2.8,5,6.8,
 ÇµÇ¡Ç€ÇÃÉçÉbÉN                                                   ,2.8,4.7,5.8,,2.35,4.35,5.25,,3.25,4.75,6,
 ÉWÉÉÉKÅ[êlä‘ÇÃéÛìÔ                                               ,3.15,4.5,7.75,9.2,3.1,4.6,7.3,8.65,3.65,5.85,7.65,8.65
 ÉWÉÖÉsÉ^Å[ÉKÉìÉYÉmÉxÉã                                           ,3.65,5,6.75,8.1,3.6,4.85,6.65,8,3.85,5.55,7.7,8.95
 Ç∂ÇÂÇ¢Ç”ÇÈ                                                       ,1.35,3.75,5,,2.4,4.15,5.15,,1.3,3.55,6.3,
 ÉXÉCÉ}Å[ÉY                                                       ,2.35,3.85,5.95,,1.5,3.5,4.65,,2.95,4.85,6.65,
 ÉXÉJÉCÉ_ÉCÉoÅ[                                                   ,1.75,3.25,4.95,6.95,1.75,3.15,4.7,5.85,1.75,3.9,5.6,7.15
 ÉXÉ^ÉAÇÃóˆêl                                                     ,2.7,4.65,6.45,,2.75,4.7,6.1,,2.6,4.75,6.45,
 ÉZÉcÉiÉgÉäÉbÉv                                                   ,1.75,4.75,7.75,,3,3.9,6.35,,1.6,3.75,8.1,
 ÇªÇ¡Ç∆ÅB                                                         ,3.6,4.7,7.65,,3.3,4.6,7.35,,3.35,4.95,6.7,
 É^ÉCÉÄÉJÉvÉZÉã                                                   ,2.95,4.05,5.3,,2.85,4.45,5.3,,3,5,6.75,
 É_ÉCÉÑÉÇÉìÉhÉçÉ}ÉìÉX                                             ,3.15,4.3,5.85,,2.85,4.4,5.85,,2.8,4.1,6,
 ÇΩÇ©ÇÁÇ‡ÇÃ                                                       ,2.5,3.65,5.25,,3.1,4.05,5.35,,2.7,4.15,7.7,
 ÇæÇ©ÇÁåNÇ∂Ç·Ç»Ç¢ÅB                                               ,2.95,4.9,5.75,,3.4,4.7,5.65,,2.6,4.45,6.6,
 ÇΩÇ‹Ç≤ÇÃï®óùâ»äwìI ãyÇ—í≤óùì¡ê´Ç…ä÷ÇµÇƒÇÃí≤ç∏ÅAÇªÇµÇƒÇªÇÃçlé@    ,2.25,4.45,7.05,9.15,2.8,4.7,5.75,6.65,2.75,4.45,7.1,8.95
 ÇΩÇ‹Ç‰ÇÁ                                                         ,5,6.3,7.7,9.1,4.35,5.15,6.5,7.85,4.3,6.65,8.55,8.75
 É^ÉâÉbÉ^É_ÉìÉX                                                   ,1.95,4.85,6.7,,1.4,3.1,3.75,,2.4,4.05,6.05,
 É`ÉJÉâ                                                           ,3.05,4.35,6.55,,2.25,4.25,5.25,,3.35,5.5,6.75,
 ÇøÇ≠ÇÌÉpÉtÉFÇæÇÊÅôÇbÇjÇo                                         ,2.95,4.4,6.35,,2.35,4.6,6.8,,2.45,4.6,7.4,
 Ç¬Ç⁄Ç›                                                           ,2.95,4.7,6.7,,2.5,4.3,5.25,,2.2,4.35,7.85,
 ÉcÉ~ÉiÉKÉâ... Ç∆îﬁèóÇÕà‡Ç”                                       ,5.35,6.1,6.9,,4.45,5.3,6.4,,5.7,6.45,7.7,
 ÉfÉBÉXÉgÉsÉAÅEÉçÉbÉNÉqÅ[ÉçÅ[                                     ,2.4,4.65,8.15,9.2,1.9,4.2,5.8,7.75,3.3,5.5,8.55,9.4
 ÉfÉXÉgÉçÉCÉ}Å[É`                                                 ,2.1,5.7,7.9,,1.95,5.3,7.8,,1.4,3.7,7.3,
 ÉfÉbÉhÉ{ÉíÉãdeÉzÅ[ÉÄÉâÉì                                         ,1.9,4.9,8.45,,3.4,4.8,6.55,,1.7,3.75,7.35,
 Ç«Ç´ÉhÉL ÉoÉåÉìÉ^ÉCÉì                                            ,2.8,4.6,5.9,7.05,2.5,3.95,4.9,5.7,2.8,3.9,5.35,7
 Ç∆Ç¡ÇƒÇ‡Ç∆Ç¡ÇƒÇ‡ÅAÇ†ÇËÇ™Ç∆Ç§ÅB                                   ,1.75,4.2,5.65,,1.75,3.65,5,,1.85,4.25,5.75,
 Ç∆Ç—Ç¡Ç´ÇËÇÃÇ”ÇÌÇ¡Ç”ÇÌ                                           ,1.5,3.2,4.65,6.1,1.4,2.6,4.2,5.55,1.75,3.55,5.5,7.4
 ÉhÉäÅ[ÉÄÅEÉLÉbÉX                                                 ,2.4,5.1,6.4,,2.95,4.05,6.85,,2,4.4,5.85,
 ÉiÉLÉÄÉVÇÃäMê˘                                                   ,3.1,4.2,5.45,,2.7,4.5,5.55,,3.45,5.9,8.85,
 Ç…Ç·ÇÒÇæÇ”ÇÈ55                                                   ,3,4.55,6.4,,3.05,4.1,5.4,,3.8,5.95,7.5,
 ÉmÉìÉtÉBÉNÉVÉáÉìÉèÅ[ÉãÉh                                         ,3,4.75,8.35,,2.5,5.15,7.6,,2.05,4.1,7.4,
 ÉnÅ[ÉgÉWÉÉÉbÉN                                                   ,3.5,4.9,6.25,,3,4.95,5.9,,2.8,4.75,6.7,
 ÉoÉ^ÉtÉâÉCã∂ëzã»                                                 ,2.25,3.75,4.75,,3.05,4.15,5.3,,3.4,5.6,7.5,
 ÇÕÇ»Ç‹ÇÈÇ“Ç¡Ç“ÇÕÇÊÇ¢Ç±ÇæÇØ                                       ,2.1,3.75,5.35,6.55,2.2,4.1,5.2,6.3,1.45,3.45,5,7.15
 ÉoÉäÉoÉäÉuÉM Å`ó‹ÇÃÉtÉãÅ[ÉcÉ|ÉìÉ`Å`                              ,2,3.6,5.1,6.7,1.35,3.75,5.2,6.7,2,4.1,5.55,6.7
 ÉoÉìÉuÅ[É\Å[ÉhÅEÉKÅ[Éã                                           ,2.7,5,7.1,8.6,3.05,4.9,7.45,9.1,3.3,5.55,8.4,9.65
 ÉqÉJÉä                                                           ,1.4,3.45,4.2,,1.95,3.6,4.25,,1.5,3.75,6.1,
 Ç–Ç∆ÇËÇ⁄Ç¡Çø                                                     ,2.3,4.2,6.3,7.65,3.1,3.95,6.3,7.45,3,4.85,6.6,7.65
 ÉqÉ}ÉèÉä                                                         ,3.35,4.9,6.5,,3,4.5,5.8,,3.4,4.95,6.9,
 ÉtÉ@ÉbÉVÉáÉìÉÇÉìÉXÉ^Å[                                           ,1.05,3.1,4.45,,1.15,2.7,4.75,,1.2,2.6,5.6,
 ÉtÉ@ÉìÉgÉÄÉxÉçÉjÉJ                                               ,2.95,3.9,6.65,8.45,1.85,4.6,6.35,7,2.6,4.7,6.05,7.65
 ÉuÉâÉbÉNÉzÅ[Éã                                                   ,2.8,4.6,6.1,7.3,2.85,4.1,4.9,5.6,2.25,4.05,6.95,7.95
 ÉtÉâÉbÉ^Å[åªè€ÇÃì^ññÇ∆íPàÍéwå¸ê´ÇÃä¥èÓò_                         ,2.1,3.9,5.75,7.35,2.7,3.75,5.4,7.1,2.8,4,5.6,7.45
 ÉuÉâÉìÉR                                                         ,2,4.1,5.65,6.7,1.75,3.2,4.7,6.2,2.2,4.2,5.8,7.3
 ÉuÉãÅ[ÉoÅ[Éh                                                     ,1.25,3.75,3.95,,2.95,3.75,3.95,,1.2,3.6,5.35,
 ÉtÉåÉbÉtÉåÅ[ÅÙîMååÉ`ÉAÉKÅ[Éã                                     ,2.1,4.65,7.1,,1.85,5.1,7,,2.7,5.35,9.45,
 ÉyÉpÅ[É~ÉìÉgÇÕéÑÇÃìG                                             ,2.75,4.55,5.45,,3.5,4.35,6.3,,2.95,4.9,6.4,
 ÉwÉäÉRÉvÉ^Å[                                                     ,3.05,4.55,5.55,,2.85,4.55,5.5,,2.3,4.55,5.75,
 ÇŸÇ®Ç∏Ç´íˆìxÇ…ÇÕê‘Ç¢ì™îØ                                         ,2.95,4.65,5.8,7.2,2.35,4.55,6.4,7.95,2.25,4.3,7.65,8.75
 ÉzÅ[ÉìÉeÉbÉhÅöÉÅÉCÉhÉâÉìÉ`                                       ,2.7,4.9,7.3,,2.95,4.75,6.8,,2.2,5.25,8.2,
 Ç€Ç©Ç€Ç©ÉåÉgÉçÅ[Éh                                               ,1.75,3.55,4.85,6.65,2.1,3.5,4.9,6.6,2.8,4.6,6.1,7.95
 É{ÉNÇÁÇÃÉgÉäÉbÉvÉfÉCÉY                                           ,1.85,4.2,5.6,,3,4.3,5.55,,2.8,4.4,7,
 ÇŸÇµÇ”ÇË                                                         ,3.8,4.7,6.45,,3.75,4.45,5.6,,2.5,4.7,6.1,
 É|ÉbÉvÉ~ÉÖÅ[ÉWÉbÉNë±ò_                                           ,3.1,4.7,7.35,,3,4,5.9,,2.65,5,7.5,
 É|ÉbÉvÉ~ÉÖÅ[ÉWÉbÉNò_                                             ,2.5,4.4,6.35,,2.35,4.65,5.85,,1.5,4.35,7.7,
 É{ÉìÉrÅ[ÉXÉLÉbÉv!!                                               ,2.95,4.7,8.45,,3.45,6.45,8.55,,3.1,5.9,8.2,
 É}ÉCÉìÉhÅEÉQÅ[ÉÄ                                                 ,1.9,5.55,6.95,,3.1,4.7,6.25,,2,4.85,8.1,
 É}ÉlÉ}ÉlÉTÉCÉRÉgÉçÉsÉbÉN                                         ,2.8,4.35,6.35,,2.4,5,6.55,,3.1,5.05,7.85,
 É~ÉâÅ[ÉWÉÖÅEÉåÉWÉfÉìÉX                                           ,5.35,7,8.95,,4.25,5.6,7,,4.3,6,7.7,
 ÇﬂÇ§ÇﬂÇ§ÇÿÇ¡ÇΩÇÒÇΩÇÒÅIÅI                                         ,2.2,4.05,6.75,,1.55,4,6.55,,2.75,4.35,7.2,
 ÉÅÉMÉcÉl                                                         ,1.4,3.95,7.1,8.15,1.45,3.7,5.95,6.75,2.7,4.9,6.5,7.8
 ÇﬂÇΩÅEÉÅÉ^ÅHÇ–Ç‹ÇÌÇËÅñÉpÉìÉ`                                     ,2.1,3.55,5.1,6.7,2.2,3.65,4.7,5.85,2.3,4.3,5.7,7.2
 ÇﬂÇΩÅEÉÅÉ^ÅHÇ–Ç‹ÇÌÇËÅñÉpÉìÉ` -ÉfÉÇÉeÅ[ÉvVer.-                    ,2.2,4.35,5.7,,2.25,3.9,5.6,,2.2,4.3,6.1,
 Ç‡Ç¨ÇΩÇƒANGEL                                                    ,2.1,3.85,5.4,,2.4,3.95,5.4,,2.7,4.25,5.5,
 ÉÇÉiÉäÉU                                                         ,2,4.85,5.45,,2.4,4.2,5.55,,1.3,3.1,6.9,
 ÉÇÉtÉÇÉtÇµÇΩÇ¢ÇÃ                                                 ,3.35,4.8,7.9,9.75,3.2,4.9,8.35,9.45,3.9,5.45,8.4,9.75
 ÉÇÉâÉgÉäÉAÉÄ                                                     ,3.45,4.5,5.65,,3.05,3.95,4.75,,3.1,5.05,7.9,
 ÉÑÉ~ÉNÉâ                                                         ,2.95,4.3,6.35,,2.75,4.2,6.3,,3.25,5.1,6.9,
 ÉÜÉOÉhÉâÉVÉãÇÃåáï–                                               ,2.5,3.7,5.4,7.05,2.35,3.5,5.35,6.65,2.7,3.8,5.45,6.9
 ÉâÉLÅôÉnÉsDAYS!                                                  ,3,3.95,5,6,3,4.4,5.35,6.45,3.05,4.35,5.75,8
 ÉâÉLÉâÉL (GITADORA Ver.)                                         ,1.65,4.65,7.3,,2.7,4,7,,2.6,5.5,8.6,
 ÉâÉWÉJÉãè≠èó                                                     ,1.4,3.95,5.85,7.1,2.4,3.9,5.95,7.8,1.7,3.9,6.25,7.65
 ÉâÉâÉoÉCà£èD                                                     ,1.95,3.2,4.75,7.35,1.65,2.9,4.8,6.95,1.95,3.2,5,6.2
 ÉäÉâÉCÉg                                                         ,1.25,3.45,4.3,,1.4,2.85,4.55,,1.45,3.75,5.8,
 ÉãÉbÉNÉX                                                         ,1.75,4,5.9,,1.95,4.65,6,,2.45,5.5,6.9,
 ÉçÉbÉNÉXÉ^Å[Ç∆ñÇñ@ÇÃÉâÉìÉv                                       ,1.3,3.75,5.55,,1.25,3.85,5.55,,1.25,3.75,5,
 ÇÌÇ∑ÇÍÇ‡ÇÃ                                                       ,2.25,3.6,5.45,7.1,1.95,3.75,5.85,7.6,2.6,4.4,5.15,7
 à£èDÇÃÉRÉäÉSÉäÉâ                                                 ,3.05,4.45,5.55,,3.6,5,5.85,,3.25,4.85,6.5,
 à§Ç∆óEãCÇÃéOìxä}É|Éìëæ                                           ,3.1,4.45,7.05,,3.55,4.95,6.7,,2.2,4.6,8.2,
 à§ÇÕïséÄíπÇÃólÇ…                                                 ,1.75,5.2,7.2,,3.2,5.5,6.95,,1.75,4.5,6.75,
 à√çïïëì•âÔ                                                       ,3.95,6.45,7.65,,4.95,6.7,7.45,,3.1,6.3,9.2,
 àŸèÌêkàÊ                                                         ,2.8,4.15,6.85,8.65,3.15,4.1,7.5,8.55,3.45,5.25,7.5,9.1
 àÍñ‘ë≈ês                                                         ,7.7,9,9.8,9.99,6.3,7.65,9.05,9.8,4.85,5.95,8.45,9.3
 àÍó±ÇÃÉiÉ~É_                                                     ,2.5,4.5,6.3,,3.3,4.65,5.65,,1.95,4.15,7.75,
 âHç™ñSÉLè≠èóâS                                                   ,2.7,4.95,7.1,,3.05,4.9,6.5,,2.4,3.95,7.7,
 âJÉmÉ`Hello                                                      ,2.3,4.7,5.7,,2.75,4.8,6.6,,2.3,4.8,7.2,
 âR                                                               ,1.05,3.8,4.75,,3.45,4,4.6,,1.05,4.2,6.9,
 âäÇÃDiargos                                                      ,2.95,4.45,5.85,7.8,2.75,3.8,5.6,7.7,2.95,4.75,6.3,7.85
 â≥èó„áóê ïëÇ¢çÁÇ´å÷ÇÍ                                            ,2.5,4.75,6.65,,2.95,4.6,6.25,,3.65,4.85,7.65,
 â¥Ç∆à§Ç∆ÉçÉbÉN                                                   ,2.4,3.95,5.15,,1.9,3.5,4.45,,2.7,5.8,7.9,
 â∑åÃímêVÇ≈Ç¢Ç±Ç¡ÅI                                               ,1.85,4.05,5.85,,2.8,4.25,5.65,,1.9,4.85,6.65,
 âƒÅEKOIÅEÉÄÉbÉVÉÖ!!                                              ,3,4.35,6.5,,2.1,3.75,5.95,,2.65,4.55,6.9,
 âƒç’ÇË                                                           ,1.35,4.3,5.2,,2.85,4.45,5.55,,1.15,3.9,5.55,
 âƒêFDIARY -GITADORA style-                                       ,2,3.8,6.45,7.7,1.85,3.65,5.4,6.45,2.2,4.2,6.1,7.35
 â∆èoè≠îNÇ∆ñ¿éqè≠èó                                               ,1.65,3.9,7,,1.75,4.15,5.75,,1.55,3.7,7.95,
 â ÇΩÇµèÛ                                                         ,2.8,5.65,7.35,,2.2,5.35,6.8,,2.6,4.55,7.75,
 âÃÇÃóÉ                                                           ,1.65,3.75,6.1,,1.75,3.7,6.4,,2.05,5.1,8.75,
 â‘ÇÃâS                                                           ,3.25,4.05,5.4,,2.2,3.75,5.65,,3.15,4.8,5.85,
 âﬂêHê´:ÉAÉCÉhÉãè«åÛåQ                                            ,1.2,2.3,4.7,6.45,1.45,3.35,5.6,7.8,1.2,2.95,5.1,7.6
 âÒÉåÅIê·åéâ‘                                                     ,1.75,4.4,6.3,,2,4.25,6.4,,1.45,4.45,7.45,
 äMâÃÇÃët                                                         ,2.95,4.7,6.95,,3.05,4.9,5.95,,2.6,4.55,8.45,
 äÆëSñ≥åáÇÃñ≥èdóÕÉ_ÉCÉu                                           ,2.8,4,6.25,7.6,2.25,3.95,6,6.85,1.85,3.6,5.35,7.85
 ãSïP                                                             ,5.85,6.85,7.95,9.15,5.1,5.9,6.7,8.2,4.55,5.95,7.95,9.65
 ãtÉiÉìÇ≥ÇÍÇΩÇÃÇ…ÉhÉ^ÉLÉÉÉì!!                                     ,2,5.75,8.45,,2.1,5.2,7,,2.1,4.9,8.15,
 ãçì˚ì¡ã}ï÷ -Ç‹Ç∆ÇﬂÇ´ÇÍÇ»Ç¢ Romantic style-                       ,3.05,3.75,5.55,,3.2,4.15,6,,3.6,6.25,7.9,
 ãéÇÈã‡çáêÌ                                                       ,2.25,4,6.4,,2,4.15,5.75,,2.05,3.8,6.95,
 ãïãÛÇ∆åıñæÇÃÉfÉBÉXÉNÅ[Éã                                         ,2.5,4.35,5.45,,1.7,3.95,5.15,,1.7,4.2,5.9,
 ãõïXÇ…è„ÇËÅ@ósÇÊÇ–Çƒ                                             ,2.35,5.15,7.2,,3.25,4.9,6.75,,1.95,4.4,7.85,
 ãû                                                               ,3,4.4,7.05,8.45,3,4.55,6.25,7,3.35,4.6,6.7,9.15
 ã©ê∫                                                             ,1.45,3.8,5.4,,1.4,4.8,6.1,,2.3,4.15,7,
 ã∞ï|ÇÃâEî]â¸äv                                                   ,5.5,7.2,8.15,9,4.85,6.8,7.6,8.85,5.7,6.5,8.85,9.2
 ã∂âêÉmâÿ                                                         ,2.75,4.55,6.5,,2.8,4.15,6.25,,3.3,4.9,7.75,
 ã∂äÏâÉïë                                                         ,3.05,5.55,7.75,,3,6.1,8.65,,2,3.9,7.5,
 ã∂ãSë∫ê≥                                                         ,1.9,4.05,6.95,8.55,2,4.15,5.25,6.35,1.9,4.25,6.45,7.45
 ãæâ‘êÖåéòO (GFDM EDITION)                                        ,3.2,5.65,7.05,,3.15,5.3,7.6,,3.4,5.45,6.6,
 ã…ìåéjãL                                                         ,3.8,6.2,7,,3.3,5.8,7.3,,3.9,5.6,6.7,
 ã‡ó÷ç€ÇÃÉGÉåÉWÅ[                                                 ,1.45,4,5.45,,2.4,3.95,5.15,,3.3,5.5,7.7,
 ã„îˆåœñÈçs                                                       ,3.2,4.9,7.2,8.55,3.4,4.65,7,8.1,3.9,5.05,7.7,8.75
 ãÛåæÇÃäC                                                         ,2.2,3.5,4.05,,2,3.5,4.2,,3,4.6,5.75,
 ãÛêFÉfÉCÉY                                                       ,1.2,3.65,4.75,,2.7,3.7,4.65,,1.15,2.8,5.8,
 ãÛëìÉâÉìÉfÉîÅ[                                                   ,2.8,4.15,6.45,,2.25,4.35,6.65,,3.15,5.1,7,
 ã˜ìcêÏâƒóˆâÃÅ`î[ó¡mix                                            ,1.05,3.6,5.25,,1.55,3.45,4.7,,1,4.5,6.65,
 åNÇ∆ìØÇ∂ãGêﬂÇÃâ∫                                                 ,1.65,3.75,6.75,,1.55,3,4.65,,1.85,4.5,6.3,
 åNÇÃímÇÁÇ»Ç¢ï®åÍ                                                 ,1.2,3.8,5.15,,2.25,3.45,4.85,,1.1,2.7,5.45,
 åQê¬Ç∆ó¨êØ                                                       ,2.6,3.75,4.85,,2.4,3.75,4.7,,2.7,4.45,7.8,
 åu                                                               ,3.1,4.75,7.8,,,,,,3.45,5.25,6.95,
 å}åÇÇÃÉtÉHÉãÉe                                                   ,2.7,3.8,4.7,,1.8,3.8,5,,2.9,3.7,6.7,
 åÉÉAÉcÅôÉ}ÉWÉÑÉoÅôÉ`ÉAÉKÅ[Éã                                     ,1.95,3.75,6.2,8,1.85,4.65,6.35,8,1.85,3.15,5.55,7
 åÉèÓÉmâÿÉgéUÉãÉâÉì                                               ,2.85,3.85,5.5,7.5,1.65,2.85,3.8,6.2,2.65,4.3,6.05,8.2
 åéåıí±                                                           ,5.15,6.5,6.8,,3,6.3,7.6,,3.5,5.5,6.5,
 å©èKÇ¢ìVégÇ∆êØç~ÇËÇÃãu                                           ,2.95,4.6,7.9,9.05,2.95,4.65,7.7,9.1,2.8,4.45,7.7,8.75
 å≥ò\â‘êÅê·                                                       ,3.2,4.7,7.45,9.1,3.5,4.7,6.95,9.2,2.05,5,8.1,8.95
 å∂ëzâ‘                                                           ,3.3,4.95,6.6,,3.2,5.2,6.45,,3.8,5.05,7.85,
 å∂ëzånê¢äEèCïúè≠èó                                               ,2.1,4.2,6.75,,2.25,4.35,6.85,,2.2,4.85,7.15,
 å∂ëzóãê_ãL                                                       ,4.55,5.85,6.95,8.45,3.75,5.3,6.65,7,3.7,5.7,8.45,8.95
 å«çÇÇÃâ‘                                                         ,2.3,4.35,5.2,,1.85,3.7,5.3,,2.05,4.05,5.45,
 å‰êÁéËÉÅÉfÉBÉeÅ[ÉVÉáÉì                                           ,1.9,4.5,8.1,,1.8,4.05,7,,1.65,5.1,8.6,
 åÚé›ïvêlÇÃâAñd                                                   ,2.95,3.9,5.55,,3,4.45,5.7,,3.25,5.05,7.4,
 çKÇπÇÃÇ©ÇΩÇø                                                     ,2.95,4.45,7.45,,2.85,4.85,7.3,,2.95,4.85,6.5,
 çgâã                                                             ,3.1,4.4,7.8,,3,4.2,7.2,,2.9,5.35,7.9,
 çgò@                                                             ,2.4,4,5.85,9.35,3.1,4.65,6.25,8.5,2.75,5.1,6.95,8.65
 çgò@ÇÃâã                                                         ,2.2,3.95,5.65,,3.15,3.85,5.85,,2.7,3.95,6.75,
 çsÇ´âﬂÇ¨Çƒå„Ç…                                                   ,3,4.55,6.5,,3.1,5.45,6.7,,3.05,4.35,7.15,
 çÅç`Åôí¥ì¡ã}Z                                                    ,3,4.7,6.55,,1.9,3.8,4.3,,2.7,4.2,5.55,
 çåÇØ!óˆÇÃÉrÅ[ÉìÉ{Å[Éã!!Å`96ÉoÉbÉgñC‡yóÙ!GITADORAÉVÉäÅ[ÉYMVPíe!Å` ,1.85,4.35,6.55,,2.3,4.45,6.75,,2.3,4.35,7.15,
 çïîØóêÇÍÇµèCóÖÇ∆Ç»ÇËÇƒ                                           ,3.35,5.75,9,,3.45,5.55,6.7,,3.75,4.85,7.8,
 çïîØóêÇÍÇµèCóÖÇ∆Ç»ÇËÇƒÅ`ôz editionÅ`                             ,2.1,4.3,6.85,9.1,2.1,4,6.35,7.95,2.75,4.3,6.05,8.5
 çüä›ÇÃãYéñ                                                       ,3,5.35,7.7,,2.8,4.65,8.15,,3.3,5.1,7.4,
 ç°è™ÉtÉâÉNÉ^Éã                                                   ,2.35,4.3,6.5,,3.3,4.45,7.1,,3,5.1,7.4,
 ç¨Ç∫ÇÈÇ»äÎåØ                                                     ,2.7,3.95,5.5,7.05,1.9,3.2,5.35,6.55,1.95,3.3,4.85,6.75
 ç∞ÇÃÉãÉtÉâÉì                                                     ,1.3,3.85,5.65,,2.6,4.4,6.55,,1.15,4,7.2,
 ç∑ñ≥óàÅIÅI                                                       ,4.1,5.1,6.85,,3.15,4.8,6.35,,4.5,6.3,8.6,
 çΩÅ`KUSARIÅ`                                                     ,1.9,3.15,5.25,6.65,1.85,3.1,5,6.2,1.65,3.55,5.15,7.4
 ç≈èIâÒSTORY                                                      ,1.3,3.85,6.25,,2.35,3.65,6.45,,1.45,3.95,5.8,
 ç≈ë¨ì¶îçs                                                       ,2.95,4.9,7,,2.85,4.9,6.4,,3,4.45,6.5,
 ç                                                                ,2.1,3.75,4.8,6.45,1.5,3.4,4.75,7.05,2.1,4.2,6.2,7.45
 ç›ÇÈÇ™ò‘Ç…                                                       ,2.1,3.7,5.3,6.7,2.35,3.65,5.3,6.55,2.45,4.55,6.5,7.75
 éOìxä}É|ÉìëæÇÕç°ì˙Ç‡çsÇ≠                                         ,2.35,4.3,6,,2.1,4.7,6.4,,2.5,5.55,7.9,
 éOñ—îLJIVEÅïÉWÉÉÉCÉu                                             ,4,6.7,7.8,8.95,3.55,4.7,6.1,7.3,4.2,5.35,7.15,7.9
 éOñ—îLÉçÉbÉN                                                     ,4,5.15,6.4,,4.5,5.1,6.1,,4.55,6.1,6.75,
 éOñ—îLÉçÉbÉNÉìÉçÅ[Éã                                             ,2.4,3.95,7.15,,2.7,4.1,7,,3.15,5.55,7.95,
 écçìÇ»ìVégÇÃÉeÅ[É[                                               ,1.4,3.8,6.5,,1.45,3.45,5.65,,1.1,3.15,4.2,
 éqãüÇÃóéèëÇ´í†                                                   ,4.25,5.55,7.45,9.45,4.3,5.45,7.6,8.35,6.7,7.85,8.9,9.85
 éáÇÃåé                                                           ,3.95,4.75,5.75,,2.4,4.1,4.9,,2.7,5,6.6,
 éûÇÃódâ‘                                                         ,1.85,3.9,5.85,7.45,1.95,3.85,5.3,7.35,2.05,4.85,6.95,8.75
 éûâJÉCÉìÉ\ÉÄÉjÉA                                                 ,1.75,4.45,6.45,,2.25,4,5.55,,2.05,4.05,7.15,
 é®ÇΩÇ‘2çÜ                                                        ,1.55,3.9,4.95,,2.95,4.7,5.55,,2.7,4.8,6.45,
 é´ê¢ÉeÉìÉvÉåÅ[Ég                                                 ,1.55,4.25,6.7,,3.1,4.5,6.8,,1.95,4.4,8.15,
 éµïüê_                                                           ,3.7,5.4,6.4,,3.3,4.5,5.5,,3.15,4.85,7.75,
 éΩçïÇÃÉXÉyÉVÉÉÉãÉvÉäÉìÉZÉXÉTÉìÉfÅ[                               ,2.3,3.75,5.3,7.8,1.75,3.4,4.7,6.25,2.05,4.25,6.75,8.45
 éÁåÏê_                                                           ,3,4.85,7.5,,2.95,4.8,7.2,,2.3,4.8,8.2,
 èIã…                                                             ,2.35,3.95,5.65,7.05,2.5,4.25,5.7,6.95,3.1,4.15,5.7,7.15
 ètÇÃâÃ                                                           ,1.15,3.85,4.3,,2.3,3.25,3.85,,1.1,2.6,5,
 ètë“Çøâ‘                                                         ,2.2,4.65,7.65,,2.4,3.85,5.75,,2.6,4.6,7.15,
 èóÅXÇµÇ≠Çƒ                                                       ,1.4,3.65,4.65,,1.35,3.85,5.95,,1.55,4,5.85,
 è≠îNÉäÉbÉvÉãÉY                                                   ,2.25,3.85,6.75,,2.95,4.95,6.65,,1.8,4.15,8,
 èŒÇ¡ÇƒÇΩÇ¢ÇÒÇæ                                                   ,1.2,3.5,4.75,,2.75,4.4,4.9,,1.4,4.25,5.35,
 è’ìÆÇ™Ç¶Ç™Ç¢ÇΩ Ç«Ç§ÇµÇÊÇ§Ç‡Ç»Ç¢ÉXÉgÅ[ÉäÅ[                        ,1.85,5.2,6.3,,2.95,4.9,6.05,,1.95,4.85,6.2,
 èÓëÄÉfÉBÉXÉgÉsÉA                                                 ,2.3,5.35,6.8,,3.6,4.8,6.35,,1.8,4.35,6.4,
 èÓîM fun! fun!                                                   ,1.15,3.85,4.8,,2,3.6,4.6,,1.15,4.2,4.95,
 êSÇÃê‹ÇÍÇΩÉGÉìÉWÉFÉã                                             ,1.3,4.3,5.95,,3.6,5.1,6.8,,1.75,4.15,6.8,
 êUìÆÉfÉUÉCÉA                                                     ,1.95,3.75,5.8,,1.95,3.95,5.55,,2.45,4.2,7.45,
 ê^ùïåÇèÓÉ}ÉCÉyÅ[ÉX                                               ,1.85,3.9,5.9,6.9,2.1,3.9,5.6,6.5,2.5,4.35,5.95,7.4
 êlÇ…Ç‚Ç≥ÇµÇ≠                                                     ,1.1,2.25,4.6,,1.4,2.15,4.5,,1.25,3.75,5.8,
 êlä‘êiâªò_                                                       ,1.7,3.1,4.35,,2.5,3.15,3.75,,1.4,3.45,4.7,
 êlãCé“Ç»ÇÒÇ≈Ç∑                                                   ,2.35,4.05,5.5,7.5,,,,,2.8,4.35,6,7.6
 êÖãæ                                                             ,2.7,4.75,6.6,,2,4.55,5.9,,2,4.9,7.9,
 êÖåéãæâ‘ÇÃÉRÉmÉeÅ[ÉVÉáÉì                                         ,1.45,3.5,5.65,6.85,1.95,3.4,4.7,5.85,2.95,4.75,7,8.3
 êÖñ ê√Ç©Ç…ëÂínÇÃóÛì˙ÇÌÇΩÇÁÇπÇƒ Å@-Remaster-                      ,2.5,4.15,7.45,8.15,2.25,3.9,6.65,7.8,3.4,5.05,6.65,8.1
 êØèhÇÈãÛÇÃâ∫Ç≈                                                   ,3,4.7,6.95,8.35,2.5,4.7,6.75,7.9,3.35,4.7,6.75,7.85
 êØñ≤                                                             ,1.25,3.35,4.8,,1.45,2.45,4.4,,1.2,3.65,5.35,
 ê∞ìVBon Voyage                                                   ,1.35,4.15,7.1,,1.65,3.9,6,,2.7,5.25,8.5,
 ê≥ò_                                                             ,3.9,4.8,7.35,,3.5,4.55,5.45,,4.35,5.45,6.9,
 ê¬Ç¢åé                                                           ,1.8,3.45,4.8,5.75,1.55,3.1,4.95,6,1.85,4.05,5.5,6.65
 ê¬Ç¢íπ                                                           ,3.15,4,5.45,,1.75,4.05,5.2,,2.05,3.65,5.3,
 ê¬ètã∂ëõã»                                                       ,2.1,3.95,4.9,,2.3,4.25,5.5,,2.7,4,6.4,
 ê‘Ç¢óÈ                                                           ,3.5,4.8,8.25,9.55,,,,,2.75,5.35,7,8.6
 êÌèÍÇÃÉ^ÉNÉgÉVÉÖÉgÉbÉN                                           ,2.35,4.7,7.45,,2.5,4.9,6.85,,3.65,4.85,7.85,
 ëOîØ                                                             ,3.45,5.4,6.5,,1.4,3.75,5.35,,2,3.55,7.7,
 ëSóÕÉoÉ^ÉìÉLÉÖÅ[                                                 ,1.3,2.85,4.45,5.85,1.1,1.6,3.6,6.7,1.45,3,4.4,6.2
 ëSóÕè≠îN                                                         ,1,3,3.95,,1.85,3.9,4.8,,1.1,2.5,4.55,
 ënê¢ÉmÅ[Ég                                                       ,1.75,4.15,6.25,,3,4.5,6.4,,2.05,5.5,7.75,
 ënêπÇÃÉAÉNÉGÉäÉIÉì                                               ,1.15,3.05,3.75,,1.85,2.9,3.85,,1.2,3.15,5.45,
 ëoÇ¬â_Ç∆ã≈ÇÃët                                                   ,3.05,3.9,5.2,,3,3.95,5.75,,3.8,6.4,8.75,
 ëäîΩÉIÉ|É`ÉÖÉjÉeÉBÅ[                                             ,2.8,4.25,6,,1.5,4.55,6.55,,2.25,5.35,8.25,
 ëíëóÇÃÉGÉEÉçÉp                                                   ,2.1,4.45,6.75,8.85,2.2,4.35,7.35,9.1,3.35,5.5,7.65,8.95
 ëìîí                                                             ,3.15,5.4,6.8,8.25,3.6,5.35,6.65,7.95,3.1,5.55,6.9,8.1
 ëñÇÍÉÅÉçÉìÉpÉì                                                   ,2,4.35,5.45,,1.95,4.3,5.8,,1.65,4.2,5.95,
 ë≤ã∆                                                             ,3.25,4.45,5.85,,2.75,4.25,5.25,,3.05,4.35,5.9,
 ëæózÅ`TÅEAÅEIÅEYÅEOÅ`(ANOTHER SENSE EDITION)                     ,2.7,4.55,6.4,,2.8,4,6.7,,3.4,5,6.25,
 ëæózÇÃâ‘                                                         ,1.9,3.95,4.75,,2.8,3.8,4.75,,1.7,3.25,6,
 ëæózÇÃéq                                                         ,2.25,4.35,6.55,7.9,2.5,4.05,6.45,7.9,3.45,4.8,7.95,8.95
 ëÂå©â                                                           ,3.25,4.3,5.15,,3,4.05,4.9,,2.9,4.85,6.1,
 ëÂêÿÇ»Ç‡ÇÃ                                                       ,1.2,4,4.65,,2.85,4.3,4.6,,1.15,3.85,6.2,
 ëÂòaïèéqç∞                                                       ,2.4,4,5.45,,2,4.2,5.25,,3.15,4,5.95,
 ínï˚ënê∂ÅôÉ`ÉNÉèÉNÉeÉBÉNÉX                                       ,2,3.6,5.2,6.35,2.25,3.65,5.35,6.5,3,4,6.2,7.5
 í©äÁÉmó‹                                                         ,1.75,3.4,5.35,7.5,1.85,3.55,5,6.6,1.7,3.4,5.85,7
 í¥èbãYâÊ                                                         ,2.95,5.15,6.75,8.1,2.95,4.4,6.1,7.4,2.95,4.45,6.35,7.5
 í«ëz -SHINY DAYS-                                                ,2.8,3.95,5.55,6.8,2.8,4.45,5.4,6.85,1.95,3.4,5.5,6.8
 ìVÉmé„                                                           ,1.5,4.85,6.65,,2.5,5.2,7,,1.8,3.9,6.4,
 ìVçëÉ~ÉÖÅ[ÉWÉbÉN                                                 ,2.1,3.85,5.45,7,2.3,3.6,4.7,6.45,1.95,4,5.8,7.75
 ìVínìÆì`ê‡                                                       ,2.95,5.1,7,8.9,3.4,4.8,6.95,7.8,3.7,5.35,7.45,9.5
 ìVíÎ Ç®Ç∆Ç±ÇÃÇ±ï“                                                ,3.55,5.75,8,9.65,3.3,5.3,7.45,9.6,3.55,4.55,6.95,8.15
 ìV‚uíπ-TENÅEKYUÅECHO-                                            ,1.9,3.65,5.7,8,1.65,3.6,5.2,7.6,2.05,4.2,5.85,8.65
 ìcÇÒÇ⁄ÇÃìc                                                       ,1.75,5.25,7.35,,3.2,5.25,6.45,,1.95,5.25,6.7,
 ìsâÔê™ïûGirlsÅô                                                  ,2.95,4.75,6.55,,3,4.95,7.45,,1.5,4.35,7.5,
 ì{ÇËÇ∆ã§Ç…ãéÇËÇ ÅIÅI                                             ,2.35,4.45,6.45,7.7,3.55,4.45,6.35,7.6,2.6,4.6,6.05,8.2
 ì~êF                                                             ,2.75,4.55,5.95,,2.95,5.1,7.3,,1.9,5.3,8.1,
 ìßñæÇÕÇ‹ÇæÇÁÇ…ê¢äEÇçêÇ∞Çƒ                                       ,2.7,3.7,5.2,7.1,2.95,3.8,5.6,7.3,2.8,4.35,6.3,8.5
 ì≤ÇÍÇÃÉ{ÉfÉBÅ[ÉrÉã!!                                             ,3.8,6,7.65,,3.75,6.45,8.45,,2.75,4.9,7.85,
 ì∂òbâÒòL                                                         ,3.1,4.3,6.95,8.8,2.5,4.6,6.3,7.9,3.75,5.45,7.85,8.95
 ìÒêlÇÕÉâÉuÉâÉuÅiâºÅj                                             ,2.75,4.4,6.6,,3.1,4.45,6.35,,3.15,5.25,6.9,
 ì¯ÇÃîﬁï˚                                                         ,3.1,4,5.7,,2.5,3.55,4.15,,1.75,3.9,6.2,
 ì¯êFÇÃâ‘                                                         ,1.95,5.15,7.5,,2.35,4.75,6.25,,2.1,6,8.2,
 ì¯êFóVâÄín                                                       ,1.85,4.25,6.7,8,1.75,4.25,6.45,7.45,2.3,4.45,6.4,8.4
 îLéòÇÃãtèP                                                       ,3.5,5.55,8.1,,3.45,6.7,7.9,,2.8,4.95,9.75,
 îíå’ì]ê∂ò^                                                       ,2.7,4.45,7.8,9.15,2.5,4.25,6.85,8.35,3.25,5,6.75,8.2
 î†íÎÇÃê¢äE                                                       ,1.5,3.3,4,5.4,1.4,3.4,4.7,5.65,1.3,2.45,3.95,5.7
 î¸óÌìIâ∆ãΩ                                                       ,1.8,3.85,5.3,,1.95,3.75,4.8,,2.6,4.95,6.2,
 ïSãSñÈçs                                                         ,3.85,5.8,8.1,,3.8,5.25,7.1,,7.15,7.85,8.15,
 ïóÅ^óã                                                           ,2.95,4.2,5.5,,3.5,6.5,8,,2,4.45,7.45,
 ïóê_â_ó¥ì`                                                       ,5.3,8.1,8.65,9.2,4.7,6.65,7.95,8.5,4.8,6.05,7.95,8.8
 ï˙â€å„ÉXÉgÉâÉCÉh                                                 ,3.2,4.65,6.7,,3,4.9,6.35,,3,5.15,7.7,
 ñlÉKâÛÉåÉãëOÉj                                                   ,1.75,3.55,6.1,8.5,1.85,3.7,5.55,7.1,2.2,4.35,6.3,8.6
 ñlÇ∆ÉTÉàÉiÉâÇÃçáê}                                               ,2.7,4,5.45,,1.95,3.65,4.7,,1.55,3.45,5.75,
 ñÇñ@ÇÃÉ^ÉãÉg                                                     ,2.7,4.8,6.6,,,,,,2.05,4.85,6.5,
 ñúâÿãæ                                                           ,3.2,4.55,5.7,7.9,2.95,4,5.2,5.95,3.95,5,6.6,7.65
 ñ≤Ç…Ç¬Ç¢ÇƒÅ@TYPE B                                               ,1.95,4,5.2,,1.5,3.7,5,,2.6,4.5,5.8,
 ñ≤Ç…Ç¬Ç¢ÇƒÅ@TYPE C                                               ,3.6,4.9,6.5,,3.9,5.35,6.5,,3,5.3,9,
 ñæÇØÇ ñÈ                                                         ,3.1,4,5.35,7.5,2.1,3.6,5.2,6.8,2.3,4.5,5.95,8.1
 ñæãæé~êÖ                                                         ,3.05,4.8,7.6,,3.15,4.7,6.2,,3.5,6.65,8.65,
 ñæãæé~êÖ - Stop The Fire Mix                                     ,3.5,5.25,7.5,,3.6,5,7.05,,3.25,5.25,8.4,
 ñ≈Ç—Ç…éäÇÈÉGÉâÉìÉvÉVÉX                                           ,1.85,4.1,6.35,,1.7,4.35,6.35,,2.4,5.25,7.8,
 ñ≈ñSìVég Åı Ç…Ç±Ç´Ç„Ç¡Ç“ÇÒ                                       ,2.6,4.45,6.55,,2.35,4.7,7.45,,2.6,5.3,8.2,
 ñœëzäwâÄino-koiëg                                                ,3.45,4.95,6.85,,,,,,3.45,5.25,6.6,
 ñ“óÛâFíàåãøã»ÅEëÊéµäyèÕÅuñ≥å¿ÇÃà§Åv                             ,1.25,4.3,6.7,,1.4,3,6.65,,1.7,4.85,7.3,
 ñﬂÇÁÇ»Ç¢óˆ                                                       ,2.5,4.55,5.85,,1.8,4.45,5.8,,2.2,4.7,5.95,
 ñÈôÚÉfÉBÉZÉCÉu                                                   ,1.8,4.55,7.3,,1.5,4,7.3,,1.75,3.8,7.95,
 ñÏãÖÇÃóVÇ—ï˚Å@ÇªÇµÇƒÇªÇÃóéjÅ@Å`åàíËî≈Å`                         ,1.85,4.85,7.45,,1.95,4.85,7.6,,1.8,3.9,7.5,
 óDÇµÇ≥ÇÃóùóR                                                     ,1.15,3.55,4.15,,1.75,3.6,4.3,,1.45,2.8,5.3,
 óDê®ÉIÅ[ÉoÅ[ÉhÅ[ÉY                                               ,1.1,4.1,5.9,,2.75,3.9,5.25,,1.05,5.15,7.65,
 óHñæàŸã´                                                         ,3.1,4.7,7.7,9.4,2.25,4.5,6.75,7.8,3.4,4.8,7.1,8.45
 óIãvÇÃPEGASUS                                                    ,3.2,5.2,8.45,9.55,3.45,5.6,8.05,8.55,3.15,5.25,7.75,9.7
 óLí∏ìVÉrÉoÅ[É`ÉF                                                 ,3.1,4.8,7.35,8.4,1.85,3.6,4.9,7.1,2.4,5.3,7.4,8.45
 óVãYëÂåFîL                                                       ,2.8,4.8,7.35,9,2.85,4.75,6.95,8.5,3.9,5.6,7.2,8.65
 ó[êØÇÃ‰äñÏÇ∆è¡Ç‰                                                 ,2.6,4.3,6.25,8,2.95,4.75,6.25,7.35,2.3,3.95,5.55,7.1
 óÜéqîVêl                                                         ,3.45,5.55,6.85,,3.1,5.95,7.2,,3.4,6.25,8,
 óãåN                                                             ,2.5,4.7,6.65,,3,4.35,6.35,,2.65,4.45,8.2,
 ó¨êØÅôJUMPÅI                                                     ,2.35,3.9,4.8,,3.4,4.85,5.7,,3.05,6,7.5,
 ó¨ïXÇÃãéÇËÇƒ                                                     ,4.5,5.8,7,,3.9,5.65,7.05,,4.55,6.4,8.5,
 ó éqÇÃäCÇÃÉäÉìÉgÉîÉãÉÄÅiGITADOROCK Ver.Åj                        ,2.3,4.9,9.4,,1.7,5.15,9.2,,3.15,4.85,8.1,
 ó—åÁÇ∆ñIñ®                                                       ,3.25,4.2,5.2,,2.7,3.45,4.45,,3.8,5.35,6.75,
 ó÷âÙì]ê∂                                                         ,2.35,5.1,8.1,9.05,2.95,4.6,7.1,7.8,2.7,4.5,7.35,8.95
 ó‹ÇÃregret                                                       ,3.2,4.9,6.4,,3.3,4.8,6.35,,3.8,5.15,7.8,
 óÎÇÃà ëä                                                         ,1.35,3.55,5.55,7.7,2.3,3.45,5.35,7.1,1.85,4.05,5.95,7.3
 óˆ                                                               ,2.1,3.95,6.1,,,,,,2.1,4.6,6.75,
 óˆÇ∑ÇÈÅôâFíàêÌëàÇ¡ÅIÅIÅiGITADOROCK ver.Åj                        ,2.95,4.15,5.95,7.7,1.95,4.5,5.15,5.85,2.45,4.75,6.5,7.75
 óˆÇ∆ÉLÉìÉOÉRÉìÉO                                                 ,1.75,4.25,6.2,,1.95,4.85,6.65,,2.1,4.55,7.45,
 óˆÇÃÉ~ÉâÉNÉãÉåÉVÉs                                               ,1.65,3.85,5.75,7,1.45,3.1,4.9,6.2,1.95,4.7,6.4,7.95
 óˆÇÕâ∞ïa                                                         ,3.25,5.45,7.5,,3.15,3.8,4.85,,3.45,6,7.7,
 óˆëM„áóê                                                         ,3.15,5,5.7,,3.4,5,6.1,,1.95,3.7,7.4,
 òZâ‘Ç…Ç≠ÇøÇ√ÇØ                                                   ,2.5,3.85,5.2,7.65,2.7,3.7,5.25,7.6,2.65,4.35,6.5,7.85
 ôzÇ∆ÇµÇƒçÁÇ≠â‘ÇÃî@Ç≠                                             ,1.45,4.6,6.55,,3.05,4.05,5.75,,1.25,4.4,6.75,
 ôzÇ∆ÇµÇƒçÁÇ≠â‘ÇÃî@Ç≠ Å`Ç–Ç»ÉrÉ^ÅÙ editionÅ`                      ,3,4.7,6.45,7.75,3.05,4.65,6,7.1,2.8,5.25,7.15,8.25
 ö¥                                                               ,2.75,4.3,7.1,9.25,2.8,4.05,6.45,8.25,4.05,5.5,7.95,9.8
 ‡ä-é‹îMÇÃçŸÇ´-                                                   ,2.95,4.7,7.1,,3,4.45,6.45,,2.4,5.3,7.7,
 „áóêÉqÉbÉgÉ`ÉÉÅ[Ég                                               ,2.85,4,7,,3,3.65,5.9,,3.55,4.95,7,
 „©                                                               ,1.25,3.9,4.5,,3.35,4.7,5.35,,1.15,2.8,5.7,
 ÂkìeÇ…çêÇÆ                                                       ,3.6,6.5,8.1,,4.15,6.45,7.7,,4.7,5.8,7.1,
 Âå                                                               ,4.35,5.65,7.2,,3.95,4.5,7.3,,4.85,6.75,8,