Cutie pie,105,2.7,3.9,4.7,0,2.15,3.1,4.2,0,0,0,0,0,FALSE
FIRE(DM:V),184,2.65,4.85,6.05,0,2.8,4.7,6.9,0,0,0,0,0,FALSE
Happy man,180,4.55,5.7,6.85,0,3.25,4.2,5,0,0,0,0,0,FALSE
Hypnotica,135,2.45,4.15,5.8,0,4.65,5.7,6.75,0,0,0,0,0,FALSE
LUCKY? STAFF(DM:V),237,3.55,5.7,7.95,0,3.85,6.2,7.4,0,0,0,0,0,FALSE
Across the nightmare,300,2.8,4.65,6.25,0,4.1,4.7,5.6,0,0,0,0,0,FALSE
Depend on me,135,1.95,4.35,5.5,0,0,0,0,0,0,0,0,0,FALSE
Heaven is a '57 metallic gray,190,3.65,5.05,6.4,0,3.25,4.45,6.6,0,0,0,0,0,FALSE
I think about you,117,2.25,3.95,4.7,0,2.35,3,4.25,0,0,0,0,0,FALSE
JET WORLD,276,4,5.15,5.85,0,2.2,4.15,6.8,0,0,0,0,0,FALSE
MAGIC MUSIC MAGIC,165,0,0,0,0,3.6,5.1,7.05,0,0,0,0,0,FALSE
PRIMAL SOUL(DM:2nd),124,3.15,5.7,7.2,0,3.25,4.65,6.8,0,0,0,0,0,FALSE
Ska Ska No.1,140,2.35,4.05,4.8,0,2.7,4,4.55,0,0,0,0,0,FALSE
CLASSIC PARTY,100-202,2.9,5.35,5.95,0,3.75,6.25,6.85,0,3.45,4.35,5.65,0,FALSE
COSMIC COWGIRL,145,4.15,4.9,6.05,0,3.7,4.95,6.1,0,3.35,4.55,5.15,0,FALSE
MIDNIGHT SPECIAL,182,3.1,5.4,6.75,0,3.5,5.4,6.75,0,3.3,5.2,6.7,0,FALSE
P.P.R.,178,3.65,4.8,5.75,0,3.1,4.1,5.7,0,3.6,4.8,5.75,0,FALSE
SAY WHAT YOU MEAN,170-183,4.25,6,6.85,0,3.75,6.05,7.15,0,3.75,5.15,6.2,0,FALSE
STOP SPINNING ME IN CIRCLES,201-241,3.25,4.5,5.85,0,3.1,4.85,6.7,0,3.05,4.25,5.5,0,FALSE
CAPTAIN'S VOYAGE,156,3.5,5.4,7.5,0,2.8,5,6.4,0,2.65,4.5,5.9,0,FALSE
CARNIVAL DAY,148,4.1,6.15,7.4,0,3.45,4.8,6.75,0,3.25,5,6.5,0,FALSE
CLASSIC PARTY 2,55-212,2.85,5.2,5.9,0,4,5.1,7.7,0,3.85,4.7,6.7,0,FALSE
DAY DREAM,80-300,5.05,6.15,8.45,9.65,5.05,6.1,8.1,9.8,4.9,6.05,8.2,9.4,FALSE
GIANT SLUG,115,3,4.8,6.1,0,3,5.2,7,0,2.9,4.9,6.4,0,FALSE
I'M GONNA GET YOU!,160,2.5,4.8,6.2,0,3.1,5.4,6.7,0,3.15,5.2,6.2,0,FALSE
RIGHT ON TIME,136,3.25,4.55,6.2,0,4.6,5.4,7.15,0,3.55,4.85,5.65,0,FALSE
愛のしるし,130,1.7,2.3,3.75,0,1.05,3,4.3,0,2.2,3.65,4.25,0,FALSE
CASSANDRA,190,3.1,4.9,6,0,3.9,4.8,6.05,0,3.1,4.35,5.35,0,FALSE
CLASSIC PARTY 3,76-240,4.15,5.1,5.75,0,4.5,7,8.4,0,4.05,5.4,5.95,0,FALSE
FIRE IN THE DARK,150,3.85,5.4,7.65,0,4.5,5.9,7.1,0,4.3,5.65,6.7,0,FALSE
The Least 100sec,264,4.65,6.5,8.95,9.95,5.95,7.25,8.45,9.5,5.2,6.95,7.5,8.1,FALSE
THREE WORMS,140,3.7,5.75,7.9,0,3.6,6,7,0,3.9,6.1,7.2,0,FALSE
"TIGER, TOO",184,3.75,5.75,6.95,0,4.35,5.8,7.2,0,3.85,5.75,7.1,0,FALSE
VOIDDD,136,2.5,5.45,7.8,0,3.6,5.45,8.3,0,3.2,4.75,7.9,0,FALSE
BOBBY SUE AND SKINNY JIM,133,2.85,5.45,6.75,0,3.55,4.8,6.8,0,3.4,4.85,6.75,0,FALSE
Brazilian Anthem,260,4.8,6,7.15,0,3.85,4.6,6.95,0,3.9,4.5,5.6,0,FALSE
E-MAIL ME!,140,3,5.1,6.5,0,2.8,5.1,6.35,0,2.7,5.2,6.1,0,FALSE
FIREBALL,240,3.75,6.1,7,0,3.7,5.55,6.85,0,3.1,4.5,5.55,0,FALSE
Herring roe,135,3.05,5.4,8.55,9.6,2.95,5.2,7.25,9.3,3.25,4.85,7.05,7.6,FALSE
hypnotheque,135,3.25,4.85,6.65,0,4.95,6.5,7.45,0,3.75,5.35,6.35,0,FALSE
MIDNIGHT SUN,215,3.45,4.9,7.85,0,3.25,4.95,7.2,0,3.6,4.8,6.75,0,FALSE
MISS YOU,136,3.3,6,7.4,8.3,3.5,5.4,7.55,8.7,0,0,0,0,FALSE
plastic imitations,102,3.1,4.45,6.15,0,3.15,5.25,7.05,0,2.55,4.95,6.65,0,FALSE
SOME HARD REACTIONS,118,3.4,5.7,6.7,8,3.45,5.2,6.75,8.1,0,0,0,0,FALSE
STOP THIS TRAIN,275,3.1,5.15,6.2,0,3.35,5.1,6.85,0,3.45,5.25,6.3,0,FALSE
Yellow Panic Time,160,4.05,5.15,6.3,0,3.3,5.55,7.1,0,3.15,4.7,5.75,0,FALSE
子供の落書き帳,140,6.25,7.5,8.65,9.45,4.4,5.55,7.7,9.55,4.5,5.2,7.55,8.35,FALSE
正論,284,4.55,5.55,6.8,0,4.3,5.2,7.5,0,3.4,5.15,5.7,0,FALSE
Concertino in Blue,130-155,5.95,7.05,8,8.9,5.25,7.4,9.4,9.8,4.5,6,8.1,8.7,FALSE
DEPARTURE,200,3.2,4.8,6.5,8.3,3.5,5.5,7.4,8.1,0,0,0,0,FALSE
Destiny lovers,170,3.95,6.1,7.25,0,4,5.75,7.3,0,4.55,5.75,6.75,0,FALSE
GETAWAY,125,2.7,4.6,6.9,0,3.3,5.4,7.4,0,3.4,5.35,7.3,0,FALSE
innocent world,120,1.1,3.25,4,0,1,4,5.2,0,3,3.9,4.65,0,FALSE
jet coaster☆girl,177,3.15,5,5.95,0,4.7,6.8,7.55,0,3.7,4.35,6.1,0,FALSE
MODEL DD2,136,5.4,6.9,7.6,8.8,4.75,6,7.75,8.35,4.25,4.95,6.55,7.35,FALSE
Moonlight Walkin',79,3.2,5,6.75,0,2.9,5.5,6.6,0,2.7,5.1,6.3,0,FALSE
O JIYA,151,3.3,5,8.15,0,3.35,4.95,7.55,0,3.4,4.9,7.15,0,FALSE
One Phrase Blues,300,4.3,6,8.1,0,4.7,5.85,8,0,3.6,4.95,7.1,0,FALSE
ROCKIN' PARADISE,230,3.75,5.3,8.05,0,3.6,5.1,6.95,0,3.45,5.05,6.6,0,FALSE
under control,210,4.75,5.85,6.8,9.1,4.45,5.75,7.6,8.5,4.7,6.4,7.55,8.45,FALSE
WILD RIDE,190,3.45,5.9,7.2,0,3.4,4.85,7.35,0,3.45,4.45,6.9,0,FALSE
蛹,192,4.75,6.9,7.95,0,4.25,5.45,7.65,0,4.1,4.95,7.5,0,FALSE
スイマーズ,160,3,4.7,6.8,0,2.9,4.7,6.5,0,2.4,3.5,4.6,0,FALSE
begin,148,2.45,4.6,6.95,0,3.55,4.65,6.3,0,2.85,5.2,6.5,0,FALSE
BRE∀K DOWN! (GF&DM STYLE),190,2.35,5.35,6.3,0,3.7,5.2,6.05,0,3.6,4.55,5.3,0,FALSE
cachaca,128,4.15,5.15,6.2,0,3.6,4.5,6.1,0,3.6,4.15,5,0,FALSE
CHOCOLATE PHILOSOPHY,110,3.7,4.95,6.6,0,3.5,5.3,6.85,0,3.35,4.7,5.65,0,FALSE
HEAVEN INSIDE,155,3.4,5.3,6.6,7.7,3.3,5.3,6.6,7.9,0,0,0,0,FALSE
Homesick Pt.2&3,178,2.7,5.6,7.05,0,2.45,4.25,5.45,0,2.25,4.55,5.55,0,FALSE
Infinite,170,4.6,5.3,6.7,0,3.55,4.25,5.25,0,2.65,3.75,4.7,0,FALSE
KISS ME GOODBYE!,120,3.75,5.5,7.85,0,3,4.1,4.85,0,3.35,4.15,5.15,0,FALSE
MODEL DD3,230,5.05,7.7,8.45,9.4,3.75,5.05,7.55,8.3,3.5,4.95,7.7,8.95,FALSE
Sweet Illusion,114,2.4,4.4,6.3,0,3.6,5.2,7.2,0,0,0,0,0,FALSE
THE OCEAN AND YOU,128,2.8,4,5.05,0,3.6,4.3,5.4,0,3.45,4.75,7.55,0,FALSE
To the IST,99,3.15,4.7,5.45,0,2.6,3.9,5.45,0,1.9,3.45,4.45,0,FALSE
too late two,148-168,3.25,5.15,6.65,0,3.25,5.45,6.7,0,3.85,4.9,6.2,0,FALSE
スタアの恋人,170,2.9,5.1,6.65,0,3.25,5.45,7.15,0,3.3,5.3,6.8,0,FALSE
そっと。,290,3.55,4.8,6.85,0,3.7,4.75,8.05,0,3.75,4.85,6.95,0,FALSE
たまゆら,190,4.65,6.1,8.2,8.5,5,6.4,7.5,8.6,4.6,5.3,6.95,8.2,FALSE
ツミナガラ... と彼女は謂ふ,153,5.25,6.35,7.35,0,5.5,6.6,7.45,0,4.6,5.65,6.3,0,FALSE
人にやさしく,186-191,1.5,4,6.05,0,1.5,2.95,5,0,2.3,2.95,4.5,0,FALSE
三毛猫ロック,246,4.45,6.35,6.8,0,4.05,5.3,6.7,0,4.8,5.3,6.2,0,FALSE
美?的家?,145,3.05,5.35,6.4,0,2.45,4.35,6.15,0,2.4,4.45,5.4,0,FALSE
ロマンス,146,1.3,4.8,5.7,0,1.5,4.55,6.75,0,2.5,4.1,5.85,0,FALSE
777,200,3.65,5.45,7.35,0,3.5,5.1,7.6,0,3.15,5.1,7,0,FALSE
Black horizon,125,4.5,6.05,7.15,0,4.85,6.85,8.5,0,4.5,6.75,8.25,0,FALSE
DIAMONDS,111,1.4,4.25,5.05,0,1.3,3.15,5.3,0,2.55,3.25,5.1,0,FALSE
I'm a loser,126,2.9,4.65,6.7,0,3.2,4.2,7.25,0,3.55,4.35,6.2,0,FALSE
MAD BLAST,180,5.1,6.4,7.5,8.25,4.95,7,7.4,9.25,4.9,6.75,7.65,8.4,FALSE
MODEL DD4,155,4.95,5.85,8.2,9.3,6,6.9,8.55,9.65,5.85,7.05,8.15,9.3,FALSE
TIERRA BUENA,115,3.25,5.8,7.35,0,2.85,5.7,7.75,0,2.6,5.45,6.2,0,FALSE
Twinkle Star,122,2.8,5,7.7,0,3.6,5,7.5,0,0,0,0,0,FALSE
Utopia,170,3.35,5.1,7.4,0,2.7,4.6,5.7,0,2.8,4.55,5.7,0,FALSE
月光蝶,218,3.65,5.65,6.6,0,5.05,7,7.35,0,3.45,6.15,7.8,0,FALSE
大見解,143-172,3.3,5.2,6.25,0,3.25,4.85,5.75,0,3.1,4.6,5.55,0,FALSE
チカラ,185,3.6,5.7,6.8,0,3.55,4.8,7,0,2.9,4.6,5.4,0,FALSE
涙のregret,270,3.45,5.55,7.75,0,3.6,4.95,6.75,0,3.7,4.9,6.5,0,FALSE
花の唄,120,3.45,5.15,6.1,0,3.85,4.5,6.15,0,2.65,4.25,6.2,0,FALSE
万華鏡,138,3.9,5.4,6.75,7.6,2.8,4.7,5.85,8.15,2.7,4.25,5.35,6.4,FALSE
林檎と蜂蜜,210,3.4,5.3,6.8,0,3.05,4.45,5.5,0,3.1,3.85,5.15,0,FALSE
Agnus Dei,168,4.9,5.9,7.45,8.85,3.55,4.95,7.1,7.95,3.95,5.05,5.85,7.3,FALSE
cockpit,137,4.25,6.35,7.75,8.95,3.5,4.85,6.8,8.7,3.6,4.55,5.9,7.65,FALSE
Funky sonic World,400,3.8,6.45,8.2,9.45,4.7,6.65,7.3,8.55,4.65,5.5,6.05,7.9,FALSE
GET IT ALL,140,3.75,5.5,7.15,0,3.8,5.2,7.6,0,2.3,4.6,6.1,0,FALSE
Handsome JET L-Project,230-253,3.3,5.5,7.15,8.55,3.8,5.5,7.2,8.35,0,0,0,0,FALSE
joker,104,3.9,5.5,8.3,0,3.75,4.85,5.65,0,3.3,4.5,5.65,0,FALSE
MODEL DD5,150,5.1,6.4,8.05,9.3,5,6.05,7.15,8.25,5,5.9,7.1,8.2,FALSE
pot-pourri d'marmalade,170-180,3.5,5.8,7.95,0,3.1,5,7.65,0,0,0,0,0,FALSE
SA-DA-ME,128,2.7,4.25,6.15,0,3.55,5.15,6.9,0,3.35,5.15,6.5,0,FALSE
Timepiece phase II,287,5.8,7.35,8.65,9.2,6.05,6.85,8.85,9.45,5.65,6,7.6,8.6,FALSE
浮舟,134,2.55,4.9,7.55,0,2.85,3.5,4.85,0,2.95,3.65,4.5,0,FALSE
カゴノトリ,140,3.25,5.8,7.4,0,3.85,4.95,7.15,0,3.7,4.95,6.85,0,FALSE
この子の七つのお祝いに,161,5.1,6.5,7.85,0,5.3,6.8,8.35,0,4.75,6.75,7.5,0,FALSE
しかられ日和,200,2.7,5.7,7.3,0,3,5.3,7,0,3.2,5.75,6.7,0,FALSE
蒼白,300,3.6,5.9,7,8,3.6,5.3,7.05,8.3,3.9,5.6,7,8.2,FALSE
大切なもの,205,1.6,4.35,6.4,0,1.9,4.35,5.15,0,3.25,4.5,4.95,0,FALSE
ヒマワリ,185,3.4,5.35,7,0,3.8,5.75,7.05,0,3.55,4.5,6.4,0,FALSE
ヘリコプター,155,2.7,4.75,5.9,0,3.5,4.8,6.1,0,3.45,4.8,6.15,0,FALSE
Dragon Blade,120,3.65,5,6.35,0,3.9,5.7,8.35,0,3.8,5.1,6.2,0,FALSE
Dream Again...,153,2.95,4.8,5.85,0,4.15,5.05,7.1,0,4.05,5.3,7.3,0,FALSE
"Luvly,Merry-Go-Round",195,2.7,4.75,6.05,0,2.45,3.75,5.3,0,2.75,4.45,4.9,0,FALSE
MODEL DD6,150,6,7.5,8.9,0,5.95,6.5,7.45,0,4.95,6.65,7.7,0,FALSE
MONSTER TREE,151,2.75,4.05,6.05,0,2.8,4.35,5.55,0,2.8,4.15,5.3,0,FALSE
Orbital Velocity,110,3.8,5,6.6,0,3.8,6.1,7.9,0,3.85,5.4,6.3,0,FALSE
Reaching for the Stars,188,4.3,6,7.7,0,3.1,5.4,7,0,2.35,4.9,6.3,0,FALSE
Real ～Lサイズの夢～,170,2.9,5.3,6.5,0,3,5.3,6.8,0,3,5.2,6.95,0,FALSE
ROLLING1000tOON,184,1.5,4.9,6.75,0,1.5,4.1,7.25,0,2.2,4.05,6.75,0,FALSE
☆shining☆(GF&dm style),185,2.8,4.9,5.95,0,3.7,6,6.6,0,3.3,4.4,4.95,0,FALSE
WE ARE,140,2.65,5.35,6.65,0,3.55,5,5.65,0,3.75,5.15,6.25,0,FALSE
YARA TUM KAHAN?,150,2.95,5.65,7.6,0,3.8,4.4,6.1,0,3.8,5.65,8,0,FALSE
赤い鈴,220,3.1,5.7,6.8,8.4,3.9,5.65,8.2,9.55,0,0,0,0,FALSE
鬼姫,188,4.95,5.9,7.9,9.45,6.1,7.2,8.1,9.2,5.3,6.2,7.15,8.45,FALSE
こたつとみかん,165,3.2,4.4,6.2,0,2.75,4.4,6.15,0,3.15,4.2,5.95,0,FALSE
青春狂騒曲,182,3,4.35,6.6,0,2.7,3.95,5.3,0,3.15,4.55,5.75,0,FALSE
二人はラブラブ(仮),220,3.4,5.7,7,0,3.25,5.45,7.1,0,3.1,5.5,6.85,0,FALSE
明鏡止水,290,3.65,6.6,8.15,0,3.25,5.4,7.8,0,3.8,5.4,6.8,0,FALSE
AFTER A HARD DAY,200,3.35,5.65,7,0,3.6,6.1,8,0,2.8,5.4,7.7,0,FALSE
ancient breeze,184,4.85,6.25,7.9,0,4.15,6.45,8,0,4.2,5.7,6.85,0,FALSE
Desert Rose,118,4.1,5.75,6.5,0,4.3,5.7,6.9,0,4.2,5.1,6.5,0,FALSE
Die Zauberfl?te,185,4.95,5.85,7,8.5,3.7,4.55,7.1,8.05,3.2,4.45,6.55,7.4,FALSE
Endless cruising,178,3.05,5.4,6.6,0,3.4,4.85,6.2,0,3.6,4.7,6.5,0,FALSE
ESCAPE TO THE SKY★彡,190,3.3,5.2,6.35,0,3.75,5.1,6.55,0,3.35,4.65,5.6,0,FALSE
Fairy Tales,155,3.15,5.75,7.05,7.95,2.9,5.4,6.85,7.65,3.25,5.25,6.55,8.1,FALSE
"Gently, the rain sings for me",246,3.7,5.15,6.4,0,3.95,5.35,7.3,0,4.15,5.5,6.35,0,FALSE
going up,212,3.55,5.25,8,0,4,5.85,7.55,0,2.8,4.25,5.55,0,FALSE
HEAVEN'S COCKTAIL,280,3.8,5.85,8.3,0,4,6.65,8.55,0,4,5.85,7.25,0,FALSE
Little Prayer,174,4.6,6.2,7.8,9.1,4.25,6.15,7.7,8.9,4.05,5.95,7.4,8.8,FALSE
mushroom boy,130,3.75,5.2,6.6,0,3.9,5.5,7.5,0,3.8,5.3,6.9,0,FALSE
Say,140,3.35,5.05,6.45,0,3,3.95,5.8,0,2.5,3.9,5.15,0,FALSE
White tornado,133,4.5,6.15,8.15,0,5.75,7.3,8.85,0,5.75,7.6,8.7,0,FALSE
You can't do it if you try,230,3.75,5.15,6.5,0,4.05,5.45,8.1,0,3.9,5.7,7.65,0,FALSE
哀愁のコリゴリラ,196,3.6,5.45,6.7,0,3.45,4.8,6.1,0,4,5.35,6.3,0,FALSE
孤高の花,166,2.55,4.45,5.65,0,3.1,4.5,5.55,0,2.95,4.15,5.85,0,FALSE
三度笠ポン太は今日も行く,140,2.85,5.85,7.85,0,2.9,5.2,6.55,0,2.75,4.95,6.55,0,FALSE
タラッタダンス,110,2.75,4.3,6.1,0,2.75,5.15,7.05,0,2.3,3.8,4.25,0,FALSE
にゃんだふる55,235,4.25,6.2,7.5,0,3.35,4.9,6.7,0,3.45,4.7,6.25,0,FALSE
フレンズ,157,1.25,4.25,5.6,0,1.25,4.25,4.8,0,2.25,3.75,4.35,0,FALSE
ルックス,175,3.2,6.05,7.05,0,2.4,4.65,6.85,0,2.7,5.2,6.6,0,FALSE
Atalante,118,3.5,5.85,7.75,0,4.4,6.35,8.8,0,3.85,4.85,6.25,0,FALSE
CaptivAte～裁き～,180,3.85,5.3,6.25,0,4.1,5.35,6.75,0,3.55,6.3,8.15,0,FALSE
GLIDE,200,3.4,5.05,7.15,0,4.55,6.25,7.55,0,3.15,4.55,6.05,0,FALSE
Green Lime,168,4.45,6.2,7.3,0,4.5,6.3,8.25,0,4.25,6.35,7.75,0,FALSE
JJ-road,210,3.85,5.4,6.55,0,3.7,4.6,6.05,0,3.9,4.6,5.35,0,FALSE
Magic words ?,150,3.6,5.65,7.45,0,3.5,5.2,7.1,0,3.65,5.3,6.7,0,FALSE
MODEL DD7,165,5,7.1,8.05,0,5.8,6.7,8.05,0,4.9,6,7.25,0,FALSE
over there,96-250,5.8,7.1,8.45,9.4,5,6.25,8.65,9.2,5,5.65,6.75,7.6,FALSE
Sing A Well,150,2.3,4.3,5.65,0,3.3,4.7,6,0,3.05,4.15,5.25,0,FALSE
Take My Hand,208,3.2,5.1,6.95,0,3.1,5.1,7.15,0,3.3,5.3,6.4,0,FALSE
Tizona d'El Cid,265,3.6,5.75,8.1,0,3.05,5.15,6.8,0,3,5.3,6.8,0,FALSE
最速逃避行,192,3.25,4.85,6.7,0,3.6,5.5,7.75,0,3.75,5.5,6.9,0,FALSE
しっぽのロック,232,3.45,5.1,6.25,0,3.35,4.5,6.1,0,2.9,4.6,5.25,0,FALSE
春の歌,116,1.2,2.9,4.9,0,1.35,4,4.85,0,2.9,3.4,4.4,0,FALSE
蛍,214,3.7,5.75,7.1,0,3.4,5.35,8,0,0,0,0,0,FALSE
香港☆超特急Z,174,3,4.55,5.85,0,3.35,4.8,7.25,0,2.55,4,4.95,0,FALSE
魔法のタルト,157,2.9,5.2,6.8,0,3.2,5.4,7.4,0,0,0,0,0,FALSE
モラトリアム,125,3.45,5.45,7.85,0,3.35,4.7,6.25,0,3.45,4.45,5.35,0,FALSE
リライト,179,1.9,4,6.05,0,1.7,3.45,4.6,0,2.4,3.4,4.8,0,FALSE
αρχη,120,5.65,6.75,8.4,0,4.2,5.6,7.1,0,3.95,5.1,7.1,0,FALSE
AXIS,155,3.15,5.2,7.45,0,4.55,6.15,7.75,0,3.95,5.5,6.75,0,FALSE
Day's!,215,2.85,5.25,8,0,3,6.3,7.8,0,4.2,6,7.95,0,FALSE
El Dorado,138,2.7,5.5,7.9,0,3.75,6.5,7.9,0,3.9,4.95,7.15,0,FALSE
Micro fin,108,3.85,4.25,5.45,0,3.4,4.5,5.5,0,3,3.85,4.35,0,FALSE
MODEL FT2,155,5.8,6.8,7.75,8.7,5,5.9,7.7,8.45,4.2,5.4,6.95,7.8,FALSE
MODEL FT2 Miracle Version,155,4.55,6.9,8.55,9.9,3.8,5.2,8.3,9.65,4,5.75,7.85,9.8,FALSE
Purple storm,120,4.6,6.3,7.9,0,5.15,7.8,8.75,0,4.95,6.9,7.75,0,FALSE
Ring,120,3.35,4.55,6.15,0,3.25,5.8,7.55,0,3.3,5.5,6.8,0,FALSE
Ru-Ru-Ru,178,3.3,5.3,6.4,0,3.5,5.2,6.8,0,2.9,4.9,6.5,0,FALSE
Venus,195,3.7,4.85,6.2,0,3.9,5.9,7.1,0,3.45,4.95,6.5,0,FALSE
Z?NITH,190,3.35,4.95,7.4,0,2.9,4.95,7.5,0,2.8,4.9,6.75,0,FALSE
虧兎に告ぐ,208-215,5.05,6.05,7.15,0,4,6.3,8.2,0,4.15,6.25,7.15,0,FALSE
偶然という名の必然,245,2.35,4.2,5.95,0,3.6,4.7,6.35,0,3.45,4.65,5.6,0,FALSE
恋,86,2.6,5,7,0,2.8,4.8,6.85,0,0,0,0,0,FALSE
差無来!!,156,4.9,6.3,8.1,0,4.6,5.45,7.5,0,3.95,5.8,6.95,0,FALSE
七福神,115,3.2,5.25,7.6,0,3.85,5.95,6.85,0,3.7,5.05,6.15,0,FALSE
全力少年,134,1.15,2.9,4.95,0,1.1,3.3,4.65,0,2.85,4.35,5.4,0,FALSE
ミラージュ・レジデンス,144,4.65,5.75,7.65,0,5.25,7,8.75,0,4.25,5.5,7.3,0,FALSE
戻らない恋,154,2.6,5.25,6.4,0,2.8,5.3,6.4,0,2.8,5.4,6.4,0,FALSE
大和撫子魂,200,3.4,4.35,6.25,0,3.4,4.55,6.05,0,3.15,4.5,5.8,0,FALSE
繚乱ヒットチャート,192,3.8,5.35,7,0,3.25,4.55,7.3,0,3.35,4.1,5.85,0,FALSE
Charismatic,164,2.4,4.8,6.9,0,2.7,4.7,6.85,0,3,4.4,6.8,0,FALSE
How do you feel?,151,2.5,4.3,6.3,0,2.35,3.9,5.9,0,2.3,4.5,6.3,0,FALSE
Immortal Bind,165,3.55,4.35,7.75,0,3.6,4.95,6.85,0,2.8,4.2,5.95,0,FALSE
MODEL DD8,136,4.95,5.95,7,0,6,7.3,8.5,0,5.9,6.85,8.75,0,FALSE
murmur twins (guitar pop ver.),174,3.6,5.05,6.6,0,3.6,4.65,7.05,0,3.35,4.5,6.6,0,FALSE
PRIME LIGHT,138,4.65,5.85,7.9,0,4.55,6.75,7.85,0,4.15,5.75,7.65,0,FALSE
R#1,248,3.85,4.85,6.45,0,4.15,7.6,8.45,0,3.35,5.25,6.05,0,FALSE
Raining Sunshine,138,3.2,4.7,6.75,0,2.8,4.9,6.85,0,2.5,4.6,6.2,0,FALSE
RЁVOLUTIΦN,202,3.85,5.4,7.45,0,4.9,6.2,7.2,0,3.2,5.4,6.8,0,FALSE
Slang,160,4.3,5.45,6.9,0,4.05,5.8,7.8,0,3.4,4.65,6,0,FALSE
Strike Party!!!,180,3.55,4.5,6.45,0,3.4,5.55,7.95,0,2.95,4.45,7.6,0,FALSE
Swimming In Love,178,3.25,4.6,6.45,0,2.65,5.6,6.8,0,2.7,4.55,5.8,0,FALSE
TABIDACHI,160,3.25,5.35,6.85,0,3.3,5.35,7.05,0,3.15,5.35,6.85,0,FALSE
The Messenger(not decorated),168,3.4,5.25,6.65,0,3.95,5.8,7.95,0,3.95,5.05,5.95,0,FALSE
Vertigo,187,3.4,4.65,6.3,0,3.4,5.75,7.75,0,3.3,5.1,6.8,0,FALSE
Zigzag Life,131,4.5,6.3,8.1,0,3.85,6.7,7.55,0,4.05,6.55,7.75,0,FALSE
一網打尽,145,5.1,6.1,8.05,9.4,7.25,8.3,9.65,9.99,6.35,7.35,8.75,9.7,FALSE
ガラナ,142,1.45,3.15,5.6,0,1.2,4.1,5.25,0,2.75,3.5,4.95,0,FALSE
極東史記,210,4.15,5.9,6.85,0,3.8,6.65,7.5,0,4.1,6.4,7.2,0,FALSE
恋は臆病,125,3.6,5.7,7.65,0,3.45,5.2,7.75,0,2.95,4,5.15,0,FALSE
太陽～T・A・I・Y・O～(ANOTHER SENSE EDITION),155,3.55,5.4,6.15,0,3.3,4.6,6.5,0,3.25,4.55,6.45,0,FALSE
A.DOGMA,147,6.4,8.1,9.55,9.9,4.4,6.85,8.9,9.8,5.15,7.25,8.9,9.6,FALSE
ATOMS,170,3.45,4.55,6.55,0,3.9,5.15,7.55,0,3.8,4.6,5.9,0,FALSE
Blue Forest,150,5.4,5.95,7.55,7.9,6.25,7.45,8.65,8.85,6.15,7.2,7.8,8.4,FALSE
Discommunication,156,2.6,5.25,6.75,0,3.05,4.65,6.45,0,3.1,4.9,6.25,0,FALSE
Dynamis,154,4.95,6.5,7.75,8.85,5.05,6.35,7.5,8.45,4.05,5.8,7.05,7.5,FALSE
Electric Lady,140,3.6,5.85,7.75,0,3.45,4.75,7,0,3.7,4.9,6.3,0,FALSE
FORCE Interval Build,132,4.7,6.2,7.55,9.1,3.7,6.85,8.95,9.3,3.8,7.1,8.1,8.85,FALSE
Mannequin,162,3.35,4.8,6.15,0,3.6,5.15,7.4,0,3.1,4.55,5.7,0,FALSE
Piece of History,110,3.45,5.25,7.1,0,3.4,5.3,7.2,0,3.85,5.25,7.85,0,FALSE
Power Game,145,3.25,5.5,8.4,0,3.2,5.4,6.6,0,3.1,4.95,6.35,0,FALSE
Rock to Infinity,154,5.9,7.45,8.55,9.95,4.95,7.35,8.55,9.9,5.45,7.35,8.1,9.2,FALSE
TENGU,155,3.35,5.05,8.1,0,3.9,6.45,8.25,0,4.3,6.4,7.1,0,FALSE
The Sound of Truth,165,2.5,4.45,8.45,0,3.65,6.45,8.4,0,3.75,5.1,6.1,0,FALSE
the WORLD,190,2.65,3.85,5.5,0,2.65,3.65,5.45,0,2.45,3.4,5.05,0,FALSE
VANESSA -転生編-,185,3.9,5.25,6.5,8.55,3.6,6.25,7.1,9.3,3.6,4.8,6.35,7.7,FALSE
からふるぱすてる,186,3.3,5.15,6.95,0,3.55,4.7,6.05,0,3.35,4.3,5.85,0,FALSE
鏡花水月楼(GFDM EDITION),175,4,5.9,6.75,0,4.05,5.6,7.45,0,3.65,5.55,7.3,0,FALSE
ゴーイング マイ ウェイ！,158,2.85,4.55,6.35,7,4.35,6.35,8.95,9.98,3.95,4.6,5.8,6.6,FALSE
創聖のアクエリオン,151,1.4,3.4,5.45,0,1.25,3.05,4.15,0,2.5,3,4.35,0,FALSE
田んぼの田,125,2.2,5.5,6.85,0,2.2,5.6,7.85,0,3.8,5.5,6.9,0,FALSE
流氷の去りて,150-159,4.95,6.6,8.2,0,5.05,6.15,7.35,0,3.6,5.4,7.15,0,FALSE
凛として咲く花の如く,163,1.5,4.1,6.9,0,1.5,4.95,7,0,3.45,4.3,5.9,0,FALSE
1/n,141,2.45,4.6,6.55,0,3.95,5,6.75,0,3.95,4.45,5.35,0,FALSE
Catharsis Garden,195,3.1,3.95,6.55,0,4.15,6.25,7.5,0,4,5.9,7.2,0,FALSE
Chronos,128,4.55,5.25,6.85,8.05,4.75,5.85,7.3,8.4,4.85,5.6,7.2,8.05,FALSE
Driven Shooter,175,3.6,5.25,6.9,0,3.8,7.8,9.55,0,4.85,7.2,7.95,0,FALSE
ENCORE CONQUEST,80-300,6,7.4,9,9.55,5.6,7.3,7.95,8.95,5.95,6.25,7.65,9.1,FALSE
four-leaf,157,2.9,4.55,6.15,0,4.5,5.35,6.8,0,3.6,4.6,5.2,0,FALSE
Highway star,280,3.25,4.7,7.15,0,4.05,6.4,7.35,0,4.55,6.35,7.2,0,FALSE
Icicles,158,3.8,6.25,8.55,0,3.65,5.25,6.6,0,3.3,4.4,5.35,0,FALSE
I wanna kiss you,131,2.65,4.55,5.55,0,2.75,4.25,5.05,0,2.8,4.05,4.95,0,FALSE
Jungle,160,5.5,7.55,9.55,9.9,5.15,6.65,8.5,9.45,5.1,7.1,8.35,8.8,FALSE
Lost in Blue,185,2.65,4.15,5.85,0,2.6,3.7,5.25,0,2.35,3.5,5.2,0,FALSE
NIL,196,3.6,5.05,6.4,0,3.4,5.4,6.05,0,3.35,5.05,6.35,0,FALSE
OVER THE LIMIT！,120-150,3.15,4.05,6.8,0,3.9,4.85,5.75,0,3,4.3,5.2,0,FALSE
Red,176,2.9,4.45,6.95,0,4.85,5.9,7.6,0,4.15,4.7,5.2,0,FALSE
Siren,132,2.8,4.7,6.5,0,3.65,5.6,7.1,0,3.45,5.1,6.45,0,FALSE
Sonne,156,6.05,7.4,8.3,9.7,5.7,7.6,8.85,9.65,5.4,7.2,8.25,9.3,FALSE
Through the Fire and Flames,200,3.85,6.15,8.1,9.35,4.9,6.9,8.2,8.95,4.6,6.65,7.6,8.65,FALSE
Vampire Killer,128,2.85,4.8,7.25,0,4.3,5.45,7.55,0,3.5,5.15,7.15,0,FALSE
walk with you,127,2.25,4.25,5.75,0,2.9,4.55,6.55,0,3.25,4.4,6.6,0,FALSE
Walnuts,136,2.6,4.05,6.05,7.3,4.9,6.15,7.85,9.4,4.3,5.3,7.2,8.5,FALSE
Water frame,105,2.55,3.95,6.65,0,3.65,4.8,6.1,0,3.7,5,6.6,0,FALSE
イジワルなあなた,166,2.45,4.5,6.75,0,4.65,5.5,7.3,0,3.95,4.9,6.65,0,FALSE
ガラスの小舟,125,2.3,4.45,5.25,0,2.45,3.8,4.9,0,2.45,3.8,4.7,0,FALSE
キセキ,94,1.05,2.35,4.95,0,1,3.7,4.35,0,2.2,3.55,4.5,0,FALSE
恐怖の右脳改革,135,5.8,6.5,8.6,9.2,6.05,7.45,8.2,9,5.15,7.25,7.55,8.8,FALSE
心の折れたエンジェル,156,1.9,4.2,6.95,0,1.9,4.75,6.5,0,3.4,4.85,7.05,0,FALSE
こなもん屋人情歌,186,2.95,5,6.1,0,2.9,4.45,6.1,0,3.05,4.8,5.6,0,FALSE
情熱 fun! fun!,150,1.4,4.4,5.35,0,1.4,3.65,5.55,0,2.35,4,5.3,0,FALSE
風神雲龍伝,119,4.65,6,7.9,8.75,5.65,8,8.6,9.2,4.85,6.8,8.45,8.55,FALSE
ブルーバード,152,1.1,3.9,5.6,0,1.3,3.95,4.45,0,3.25,4.1,4.5,0,FALSE
罠,198,1.25,3.25,5.95,0,1.8,4.1,5.05,0,3.35,4.9,5.4,0,FALSE
"10,000,000,000",205,3.65,5.55,8.05,9.4,3.45,4.9,6.8,7.4,3.8,4.65,5.9,7.5,FALSE
Ascetic,220,4.7,6.15,8.2,8.5,3.4,4.3,5.9,6.45,3.4,4.4,5.75,6.45,FALSE
Before Daybreak,144,3.2,5.95,8.55,0,3.05,4.9,7.1,0,3.95,5.3,8.5,0,FALSE
Believing,171,2.2,4.15,6.25,0,3.35,4.5,5.7,0,3.15,4.45,5.2,0,FALSE
Blue planet,137,3.15,5.9,6.95,0,4.75,5.5,8.75,0,4.45,4.9,7.55,0,FALSE
CALAMITY PHOENIX,170,4.25,6.6,7.85,8.55,5.15,6.95,8.05,8.5,4.1,5.5,7.6,9.15,FALSE
Confession,165,2.25,3.85,6.95,0,3.3,4.95,6.1,0,2.95,4.8,5.3,0,FALSE
Crack,135,2.6,4.05,7.5,0,2.7,4.7,6.75,0,3,4.15,6.75,0,FALSE
Croquette,169,3.05,4.3,5.85,0,4.1,5.85,6.2,0,4.05,4.45,5.95,0,FALSE
Deep Forest,175,2.95,4.55,6.7,0,4.05,5.05,7.65,0,3.95,4.45,5.3,0,FALSE
Eau Rouge,220,3.5,5.5,6.55,7.15,4.85,6.8,8.15,8.65,3.75,5.3,6.5,7,FALSE
Egocentricity,130,2.75,5.55,6.25,0,2.95,4.65,6.2,0,3.15,4.25,7.1,0,FALSE
Einherjar,230,3.15,5.4,6.85,8.5,3.75,6.65,8.15,9,3.7,5.15,6.7,7.9,FALSE
Excavation Damage,106,2.65,4.2,6.25,7.4,3.7,5.35,6.9,8.1,4.1,5.25,6.75,7.9,FALSE
GO-ON,145,2,3.6,6.5,0,2.95,4.15,6.45,0,2.3,3.8,4.9,0,FALSE
Hunter～どうしても欲しいもの～,196,2.8,4.25,7.05,7.5,3.4,4.65,6.65,7.4,3.15,4.15,6.7,7.7,FALSE
HYPER JET LAND,229,3.4,5.6,7.45,0,3.4,5.65,7.7,0,4.05,5,6.6,0,FALSE
IMI,97-194,3.5,4.6,7.9,0,2.7,4.3,9.2,0,3.2,4.2,6.2,0,FALSE
IMITATION TOUCH,157,4.15,5.4,7.6,0,3.75,4.9,7.5,0,3.7,4.8,6.95,0,FALSE
Invincible,154,3.35,4.1,5.6,0,3,4.05,4.9,0,2.9,4,4.8,0,FALSE
I Want It All,135,2.25,3.65,6.65,0,2.85,3.3,4.25,0,2.55,3.65,4.6,0,FALSE
KAISER PHOENIX,170,4.7,6.05,7.8,8.5,4.8,6.2,7.65,9.65,4.45,5.85,6.7,7.95,FALSE
Keep Ur Dreams,124,2,3.3,6.15,0,3.45,5.15,6.45,0,3.25,4.3,5.75,0,FALSE
kiss me,210,2.5,4.05,5.85,0,2.8,4,6.45,0,2.95,4,5.55,0,FALSE
Limitless Possibility,140,2.6,4.2,6.55,7.05,2.6,4.9,7.85,8.85,3.55,4.6,6.75,8,FALSE
Love☆Carnival,118,3.15,4.8,6.55,0,3.65,4.55,6.65,0,3.6,4.25,6.7,0,FALSE
MODEL DD9,160,5,7.95,8.75,9.65,5.2,7.25,8.8,9.35,7.15,8.3,8.6,9.55,FALSE
No Way For One Will,214,3.05,4.45,6.75,0,4.3,5.75,7.3,0,4,4.9,6.95,0,FALSE
On top of the world,280,4.15,5.4,8.05,0,3.55,5.15,7.35,0,3.05,4.65,7.7,0,FALSE
photon,140,3.65,5.4,7.4,8.65,3.65,4.65,6.45,8.8,3.4,4.55,6.3,8.55,FALSE
Piranha,140,2.4,4.7,5.95,0,3.55,4.2,6.45,0,3.35,4.15,5.1,0,FALSE
Shake and Shout!!,160,3.55,5.3,6.3,7.55,4.1,5.1,7.45,8.9,3.3,5.1,6.7,7.4,FALSE
Sky Runner,150,2.55,4.95,7.15,8.35,3.25,4.75,6.7,7.5,3.35,5,7.1,7.75,FALSE
Stay away,142,1.9,2.6,4.85,0,3.15,4.15,5.65,0,3.25,4.2,5.35,0,FALSE
Trickster,174,1,3.75,6.95,0,1.7,4,5.95,0,2.85,4.2,5.45,0,FALSE
Two Hurt,138,1.35,5.55,7.75,0,1.75,5.95,8.6,0,3.6,5.25,6.4,0,FALSE
White wings,190,2.55,4.2,6.3,0,4.1,6.95,8,0,3.2,4.4,6.6,0,FALSE
WILD CREATURES*2,167,2,4.35,7.75,0,2.75,4.5,6,0,3.2,4.75,6,0,FALSE
X-treme Grade,142,4.2,5.9,8,9.45,3.85,7,7.8,9.5,3.2,5,7,7.8,FALSE
You've Got 2 Get Me,148,2.85,5.15,7.2,0,4.75,6.25,7.95,0,4.45,4.95,8.1,0,FALSE
青い鳥,178,2.5,3.7,5.65,0,3.15,4.25,6,0,2.55,4.3,5.85,0,FALSE
憧れのボディービル!!,140,2.75,5.3,7.8,0,3.75,5.85,7.8,0,4.15,6.1,7.9,0,FALSE
嘘,180,1.05,4.55,7.4,0,1.05,4.2,5.35,0,3.6,4.4,4.85,0,FALSE
気まぐれロマンティック,170,1,2.9,5.55,0,1.15,4.35,5.8,0,2.65,3.95,5.8,0,FALSE
クリーンクリーン,168,2.7,5.25,7.4,0,2.85,4.9,6.15,0,2.95,4.7,5.85,0,FALSE
紅蓮の焔,155,2.8,4.2,6.9,0,2.8,4.85,6.5,0,3.55,4.35,6.8,0,FALSE
幻想花,185,4.05,5.15,7.7,0,3.7,5.05,7.05,0,3.5,5.15,6.9,0,FALSE
さよなら僕自身,198,2.95,5.95,7.95,0,3.75,4.5,6.4,0,3.25,4.65,6.55,0,FALSE
空色デイズ,174,1.15,3.1,5.85,0,1.2,3.8,5.75,0,3,3.9,5.1,0,FALSE
太陽の花,186,2.15,3.45,6.25,0,2.95,4.3,5.35,0,3.1,4.3,5.55,0,FALSE
天庭 おとこのこ編,209,3.8,4.95,7.05,8.05,3.95,6.7,8.2,9.7,3.5,6,7.85,9.65,FALSE
人間進化論,140,1.85,3.75,5.05,0,2.6,3.75,5.05,0,3,3.5,4.35,0,FALSE
ヒカリ,154,2,4,6.35,0,2,3.8,4.85,0,2.6,3.65,4.95,0,FALSE
ほしふり,155,2.85,4.5,6.35,0,4.05,4.9,6.95,0,4,5,6.15,0,FALSE
三毛猫JIVE&ジャイブ,246,4,5.85,7.1,7.65,4,6.8,7.65,8.4,3.95,5.25,6.4,7.6,FALSE
モナリザ,138,1.95,3.4,7.45,0,2.45,5.3,6,0,2.95,4.35,6.25,0,FALSE
Adrenaline,165,2.8,4.55,6,0,3.45,4.75,6.2,0,3.35,4.15,6.05,0,FALSE
Adverse Criticism,128,4,6.25,7.95,0,4.15,5.95,8.65,0,4.15,6.7,7.8,0,FALSE
a:FANTASIA,235,1.95,4,6.75,0,3.5,6,7.8,0,3.3,5.75,7.45,0,FALSE
AREA 51,188,2.85,4.5,7.55,0,3.35,5.9,7.2,0,4.1,5.1,6.1,0,FALSE
Around 40,136,3,4.6,9.2,0,4.6,6.15,8.7,0,4.25,6.3,7.85,0,FALSE
Bangin' Breaks,156,3.6,4.9,7.3,0,4.45,6.4,9.1,0,4.45,7.25,9.4,0,FALSE
BEFORE I DECAY,240,2.25,3.95,7.3,0,3.3,7.65,8.05,0,3.3,6.7,7.65,0,FALSE
Big Wave,126,2.5,4.5,6.35,0,2.95,4.05,6.05,0,2.85,3.85,7,0,FALSE
blue moon,165,4.55,6.3,7.95,9.1,3.2,4.5,7.1,9.55,3.85,5.05,7.4,8.65,FALSE
Brown blizzard,165,5,6.8,8.8,9.9,4.2,6.3,8.15,9.45,3.65,5.9,7.3,8.75,FALSE
Chance,186,3.2,4.3,5.8,0,3.2,4.45,6.45,0,3.15,4.55,5.55,0,FALSE
chAngE,165,2,3.15,5.4,0,1.55,4.2,5.4,0,2.95,4.35,5.35,0,FALSE
Chinese Snowy Dance,175,4.35,6.1,8.2,9.2,5,5.9,7.85,9.45,4.9,6.3,7.85,9.4,FALSE
Come Back Alive,270,3.45,5.05,9.65,0,3.1,4.25,5.5,0,3.15,4.15,7.05,0,FALSE
cosmic agenda,113,2.45,4.8,7.1,0,2.7,4.45,6.9,0,2.85,4.7,7.2,0,FALSE
CROSSOVER,208,2.35,4.5,7.15,0,3.2,4.15,5.25,0,2.75,4.1,5.6,0,FALSE
DAWN,145-190,4.15,6.65,8.55,0,4.5,6.9,9.1,0,4.4,6.8,8.35,0,FALSE
DESTINY,184,3.15,5.5,9.2,0,3.3,5.85,8.05,0,3.3,4.8,7.4,0,FALSE
drop,138,3.55,5.4,7.05,0,3.3,4.5,6.35,0,3.05,4.05,5.5,0,FALSE
EXCELSIOR DIVE,170,4.95,6.35,7.85,8.7,5.8,6.75,8.5,9.4,4.9,6.3,8.55,9.45,FALSE
Fast Forward,137,1.75,4.35,6.4,0,1.6,3.95,5.55,0,3.5,3.85,5.45,0,FALSE
FIFTH GIG,120,3.6,7.3,9.55,0,4.15,7.2,8.5,0,4.15,7.15,8.75,0,FALSE
FIFTH GIG TYPE II,120,3.55,6.45,8.95,0,4.2,7.15,7.85,0,4.4,6.9,8.65,0,FALSE
gloom,138,3.3,5.05,7.95,0,3.75,5.25,6.5,0,3.75,5.1,6.4,0,FALSE
HIT IN THE USA,170,1.95,3.3,6.35,0,1.95,4.15,5.6,0,2.7,5.05,5.8,0,FALSE
I can be!!,147,3.55,5.5,8.3,0,3.45,5,6.7,0,4,5.05,6,0,FALSE
Illuminati～光を求める者たち～,80-130,4.3,6.25,7.25,7.95,3.75,4.6,6.95,8,3.15,4.25,6.8,7.45,FALSE
Jailbreak,250,3.2,5.1,8,0,4.4,6.7,8.35,0,4.2,6.45,7,0,FALSE
Lepton,202,4.45,5.45,7.7,0,2.85,4.55,6.2,0,3.3,4.85,6.45,0,FALSE
Love Rox!,172,3,4.05,5.85,0,2.95,4.6,6.2,0,3,4.5,5.95,0,FALSE
MARTIAL ARTS,176,2.15,3.95,7.35,7.85,2.85,5.85,6.9,9,2.95,5.15,5.85,7.1,FALSE
no way ...,205,2.15,4.85,7.1,0,4.5,7.4,7.85,0,3.35,4.35,6.45,0,FALSE
Pink Bird,172,2.85,4.95,6.75,0,3.4,5.35,6.9,0,3.35,5.15,6.25,0,FALSE
REALIZE,223,4.3,6.55,9.75,0,4.15,6.25,7.95,0,2.9,5.35,7.45,0,FALSE
Right on time (Ryu☆Remix),149,2.95,4.65,7.7,0,5,5.8,8.05,0,3,3.85,4.55,0,FALSE
Sacred Oath (GFDM EDITION),170,2.75,4.35,6.7,0,3.55,4.3,5.9,0,2.9,4.7,6.65,0,FALSE
SIX DIMENSION,175,4.9,7.25,8.6,9.3,4.3,5.85,8.3,9,4.3,6.2,7.75,8.3,FALSE
Spiral Wind,220,3.6,4.95,9,0,3.55,4.9,7.6,0,3.7,5.4,6.65,0,FALSE
Spring Pain,167,2.15,3.85,6.35,0,2.9,4.25,5.5,0,2.9,4,4.75,0,FALSE
The 勇気,185,2.15,3.95,5.95,0,3.05,5.35,6.95,0,2.9,4.15,6.15,0,FALSE
Victory!,177,2.3,4.45,8,0,2.95,5,7.3,0,2.7,4.3,5.35,0,FALSE
X-Plan,250,2.95,6,7.8,0,2.85,5.3,7.45,0,3.3,4.5,7.1,0,FALSE
アンマー,95,1.9,3.9,5.1,0,2.65,3.85,5.1,0,1.9,3.05,4.2,0,FALSE
イバラノミチ,178,2.9,4.45,6.65,0,2.55,4.25,5.95,0,3.05,4.05,5.8,0,FALSE
ヴィーナスとジーザス,156,1.65,4,5.35,0,1.35,3.15,5.3,0,2.6,3.8,4.9,0,FALSE
贈る言葉,170,1.95,4.9,6.7,0,1.45,5.15,6.55,0,3.9,5,6.35,0,FALSE
君の知らない物語,165,1.2,3.2,5.85,0,1.1,3.95,5.6,0,2.8,3.85,5.45,0,FALSE
牛乳特急便 -まとめきれないRomantic style-,123-143,3.35,6.25,7.85,0,3.15,4.15,6,0,3.35,4.2,6.55,0,FALSE
黒髪乱れし修羅となりて,150,4,5.2,7.8,0,3.75,6.2,8.95,0,3.75,6.2,7.25,0,FALSE
ゲームより愛を込めて,172,5.35,7,7.8,9,4.75,6.8,8.4,9.4,3.5,6.45,6.95,7.85,FALSE
幻想雷神記,268(200-268),3.2,5.95,8.05,8.9,4.6,6.3,7.15,8.2,3.95,6,7.1,7.4,FALSE
サヨナラナミダ,174,3.15,5.6,7.2,0,2.7,4.7,6.5,0,3.3,4.1,5.75,0,FALSE
じょいふる,159,1.55,3.9,6.1,0,1.75,4.1,5.6,0,2.95,4.2,5.75,0,FALSE
衝動がえがいた どうしようもないストーリー,186,2.4,5.25,6.3,0,2.4,5.75,6.75,0,3,5.2,6.75,0,FALSE
卒業,165,2.9,4.45,6.15,0,3.55,4.35,6.5,0,3.15,4.4,5.4,0,FALSE
ダイヤモンドロマンス,162,3,4.45,6.25,0,3.15,4.45,6.75,0,3.15,4.95,6.4,0,FALSE
たからもの,182,2.5,4.5,7.65,0,2.7,4.1,5.8,0,3.5,4.75,5.8,0,FALSE
ナキムシの凱旋,220,2.9,5.95,8.8,0,3.65,4.4,5.95,0,3.1,4.25,5.4,0,FALSE
虹の彼方,134,2.25,4.45,6.4,0,3.1,4,6.05,0,2.8,3.95,4.7,0,FALSE
バタフライ狂想曲,180,3.25,5.8,7.65,0,2.8,4.35,5.35,0,3.5,4.5,5.85,0,FALSE
百鬼夜行,145,7.2,7.8,8.05,0,4.45,6.35,8.1,0,4.2,6.15,7.2,0,FALSE
風／雷,132,2.35,4.75,7.45,0,2.75,4.55,6.35,0,3.2,6.25,8.15,0,FALSE
前髪,152,2.45,4.05,7.65,0,3.85,6.15,6.95,0,2.1,4.25,6.4,0,FALSE
紫の月,220,2.35,4.9,6.55,0,3.9,5.15,6.15,0,2.75,4.35,5.4,0,FALSE
明鏡止水 - Stop The Fire Mix,145,2.95,5.2,7.9,0,3.95,5.8,7.6,0,3.3,5.3,7.05,0,FALSE
優勢オーバードーズ,166,1,5.45,7.6,0,1,4.05,6.3,0,3.15,4.4,5.8,0,FALSE
行き過ぎて後に,200,3.55,4.75,7.35,0,3.7,5.15,6.75,0,3.95,5.25,6.6,0,FALSE
夢について　TYPE B,164,2.9,4.9,6.15,0,2.7,4.35,5.5,0,2.15,4.15,5.6,0,FALSE
夢について　TYPE C,296,3.15,5.65,9.1,0,3.65,4.7,6.95,0,3.6,5.7,6.95,0,FALSE
800nm,180,2.75,5.35,7.55,0,2.45,4.7,6.6,0,3.2,4.6,7.2,0,FALSE
BLUE FLAME,176,2.8,4.95,6.05,0,3.1,4.35,5.8,0,2.8,4,5.45,0,FALSE
CHAIN REACTION feat.NO+CHIN,178,3.15,5.7,7.85,0,4.15,5.2,6.35,0,4.05,4.9,6.3,0,FALSE
concon～INAReMIX～,190,1.2,5.4,8.35,0,1.2,4.7,6.35,0,2.75,3.85,6.05,0,FALSE
Cosmic Hurricane (GFDM ver.),188,3.55,5.35,7.6,8.4,3.1,4.6,6.6,7.75,3.05,4.25,5.6,6.65,FALSE
Devil Fish Dumpling,166,3.5,5.6,8.5,0,3.35,6.15,9.35,0,3.8,5.9,8.3,0,FALSE
DOKI DOKI,180,2.95,5.25,7.75,0,2.25,4.35,6.3,0,2.55,4.55,5.7,0,FALSE
DOUBLE IMPACT,265,3.4,5.5,7.6,0,3.15,5.2,8.25,0,3.75,5.35,8.85,0,FALSE
Dragontail Butterfly,170,3.25,6.2,7.85,0,3.65,5.45,7.25,0,4.25,5.4,6.8,0,FALSE
Eastern Lariat,125,4.2,6.2,8.1,9,4.2,5.35,7.6,9.1,4.05,5.05,6.85,8.5,FALSE
ETERNAL BLAZE,105-155,1.8,5.05,7.35,0,1.45,4.45,5.4,0,2.75,4.7,5.85,0,FALSE
FLOWER -TLION69 Remix-,173,3.65,5.6,7.8,0,3.9,6.3,8.5,0,3.4,4.9,6.55,0,FALSE
Freeky Technique,144,2.35,4.75,7.2,0,3.45,5.05,6.3,0,2.9,5.85,7.3,0,FALSE
FRIENDSHIP,208,3,6.2,7.5,0,3.2,5.15,5.95,0,3.3,4.8,5.8,0,FALSE
Genesis Creation Narrative,270,4.6,6.25,8.2,9.45,3.9,5.5,7.85,9.1,3.5,4.7,6.95,8.95,FALSE
Give Me MORE!!,150,3.9,5.95,7.85,0,2.9,5.65,8.75,0,2.9,5.45,8.75,0,FALSE
Gong!,180,3,4.9,7.2,0,3.4,5.15,7,0,3.45,5.35,6.6,0,FALSE
Graviton,205,3.6,6.25,8.05,0,4.1,5.45,7.2,0,3.65,5.35,7.2,0,FALSE
Hard distance,146,4.15,6.6,7.65,8,5.25,7.1,7.95,8.85,5.2,6.15,7.25,8.4,FALSE
I'm so Happy (Rockin' ver.),181,2.75,5.8,7.7,0,3.25,5,7.75,0,2.25,3.15,5.65,0,FALSE
IN MY WORLD,190,1.85,5.15,6.5,0,1.15,5,6,0,2.75,4.6,5.65,0,FALSE
LISTEN TO THE STEREO!!,182,1.85,4.65,6.85,0,1.5,4.55,6.05,0,2.45,4.1,5.9,0,FALSE
LOVE WAR!!,108-110,2.7,4.4,6.35,0,3.3,5.6,7.1,0,3.1,5,6.2,0,FALSE
maximum the hormone,145-195,3.4,4.9,7.1,7.7,3.75,7.2,8.15,9.5,4.2,6.45,7.45,8.5,FALSE
MODEL DD10,150,4,6.2,8.4,9.4,5.05,7.1,8.3,9.6,5.3,6.25,7.6,8.6,FALSE
Moon of Muse,118,3.45,5.4,6.7,0,3.15,5.1,6.4,0,3.1,4.75,5.75,0,FALSE
NEW LEGEND,162,3.35,4.95,8.25,0,4.4,6.65,7.9,0,4.4,7,8.35,0,FALSE
ONLY ONE,188,2.85,5.4,7.3,0,3,4.55,5.9,0,3,4.5,6.2,0,FALSE
Orange Flower Garden,176,1.6,5.3,6.75,0,1.6,5.3,6.35,0,3.6,5,6.25,0,FALSE
overviews,72-303,3.6,6.2,8.6,9.65,4.2,5.3,7.35,8.6,4,5,6.85,8.35,FALSE
Plum,256,3.2,5.45,7.7,0,3,4.8,7.4,0,3.25,4.7,6.25,0,FALSE
POWER,200,3.45,4.5,6.25,0,3.35,5.25,6.65,0,3.1,5.6,6.75,0,FALSE
Predator's Crypto Pt.1,136,3.55,5.5,7.6,8.4,4.45,7.15,7.7,8.3,4.5,6.1,7.45,8.05,FALSE
Predator's Crypto Pt.2,136,3.55,5.9,7.65,8.85,4.55,7.2,8.05,8.6,4.9,6.05,7.8,8.5,FALSE
Raidillon,200,3.5,4.8,7.2,0,3.4,6.05,7.2,0,3.4,5.55,6.8,0,FALSE
RePrise,182,2.7,4.35,6.15,0,2.7,4.55,5.7,0,3.2,4.6,5.4,0,FALSE
Restart,144,1.8,7,9.2,0,1.8,5,6.95,0,3.05,4.95,5.7,0,FALSE
Riot of Color,150,3.45,5.2,7.35,8.7,3.35,5.25,6.6,8.7,3.8,5.45,6.5,8.3,FALSE
Rush!!,210,2.35,4.25,6.9,0,2.25,5.15,6.55,0,3,4.15,6.15,0,FALSE
SCREW DRIVER,188,3.8,5,7.45,7.9,3.8,5.45,6.55,7.9,3.55,5,6.7,8,FALSE
serial number,173,2.7,4.25,5.35,0,2.9,4.25,5.45,0,2.85,4.3,5.85,0,FALSE
Shout!!,175,3.15,5.35,6.75,0,2.9,4.6,6.05,0,3.2,4.75,5.8,0,FALSE
Snow Goose GFDM ver.,170,2.75,6,8.5,0,3.1,4.6,7.8,0,2.6,3.95,8.65,0,FALSE
snow prism (GFDM ver.),196,3.25,4.95,8.05,0,3.15,4.65,6.7,0,3.1,4.75,6,0,FALSE
Snowy India,175,3.3,5.45,8.25,9.4,4.1,6.65,7.6,8.4,4.35,7,8,8.4,FALSE
spectrum,220,2.9,5.35,7.25,0,4,5.95,8.7,0,4.05,5.8,7.55,0,FALSE
Starlight Parade,131,3.1,5.35,8.25,0,3.15,4.6,6.15,0,3.35,4.9,6.75,0,FALSE
Summer Holiday,109,2.4,4,6.65,0,2.65,4.35,6.9,0,3.3,4.15,5.4,0,FALSE
Xenon,156,4.1,6.5,8.5,9.3,3.85,5.5,7.35,8.35,3.5,5.2,7.25,8.15,FALSE
アーリマン,136,4.1,5.55,7.45,0,4.1,5.4,6.9,0,3.85,4.9,6.05,0,FALSE
暗黒舞踏会,175,3.35,6.2,9.45,0,4.95,6.9,7.9,0,5.45,6.8,7.6,0,FALSE
歌の翼,140,2.5,5.5,8.4,0,2.2,4.45,6.6,0,2.2,4.5,6.35,0,FALSE
ギタ・ドラ・jubeat大夏祭りのテーマ,157,3.7,5.7,8.2,0,3.15,5.25,7.15,0,3.2,5,6.35,0,FALSE
逆ナンされたのにドタキャン!!,194,2.55,5.45,8.05,0,2.65,6.3,8.55,0,2.8,5.85,7.7,0,FALSE
群青と流星,154,3.2,4.95,7.8,0,3.05,4.45,5.4,0,3.25,4.2,5.3,0,FALSE
紅焔,175,3.4,5.6,8,0,3.5,4.65,8,0,3.35,4.65,7.55,0,FALSE
侯爵夫人の陰謀,126,3.45,5.35,7.4,0,3.5,4.5,6,0,3.7,4.5,6.25,0,FALSE
サムライハート(Some Like It Hot!!),113,2.65,4.15,6.75,0,2.9,4.5,5.95,0,2.9,4.6,6.25,0,FALSE
幸せのかたち,119,3.2,5.2,6.7,0,3.2,5.2,7.85,0,3.35,5.25,7.2,0,FALSE
隅田川夏恋歌～納涼mix,180,1.1,5.15,6.85,0,1.1,4.35,6.2,0,2.65,3.85,5.25,0,FALSE
タイムカプセル,171,3.35,5.2,6.9,0,3.3,4.6,5.85,0,3.55,5,5.85,0,FALSE
つぼみ,184,2.95,4.75,7.8,0,3.65,5.4,7.15,0,3.3,5.1,5.9,0,FALSE
夏・KOI・ムッシュ!!,140,3.2,4.95,7,0,3.45,4.9,6.8,0,2.75,4.55,6.5,0,FALSE
夏祭り,71-142,1.3,3.8,5.55,0,1.85,4.55,5.65,0,3.55,5,5.8,0,FALSE
ハートジャック,185,3.1,5.1,6.75,0,3.4,5.5,6.75,0,3.35,5.4,6.45,0,FALSE
双つ雲と暁の奏,160,4,6.6,8.75,0,3.45,4.6,5.75,0,3.65,4.65,6.3,0,FALSE
星のすみか,188,2.9,5.25,6.8,0,2.35,4.3,6.15,0,2.1,3.65,5.1,0,FALSE
星夢,141,1.7,4.15,5.95,0,1.7,4.25,5.5,0,2.15,3.15,5.35,0,FALSE
耳たぶ2号,182,3,5.15,6.65,0,2.35,4.6,5.55,0,3.5,5.25,6.2,0,FALSE
ヤミクラ,180,3.35,5.5,7,0,3.45,5.05,6.4,0,3.6,5.05,6.2,0,FALSE
ランウェイ☆ビート,156,1.8,3.85,5.75,0,1.65,3.9,5.35,0,2.8,4.8,5.55,0,FALSE
流星☆JUMP!,178,3.45,6.25,7.5,0,3.15,4.45,5.45,0,4.2,5.4,6.3,0,FALSE
恋閃繚乱,142,2.8,4.15,7.1,0,3.05,5.2,6.25,0,3.3,5.3,6.1,0,FALSE
笑ってたいんだ,157,1.8,4.65,5.6,0,1.4,3.9,5.35,0,3.15,5,5.65,0,FALSE
0時20分のRoulette,178,2.9,4.2,7.1,0,2.6,5.8,7.3,0,2.7,4.9,6.9,0,FALSE
8 -eight-,230,2.3,4.7,8.1,0,2.3,4.8,8.1,0,2.7,5.1,7.9,0,FALSE
IX -GITADOROCK ver.-,198,2.9,5,6.9,8.8,3.9,6.2,8.25,9.6,3.65,6,7.7,8.65,FALSE
All I Want,160,1.9,4.4,6,0,1.8,4.8,7.6,0,3.2,4.5,7.5,0,FALSE
Arena Sexarboris,189,2.65,6.55,8.15,0,3.8,5.65,8.4,0,3.65,5.55,7.6,0,FALSE
Awaken Ver.G,210,2.4,4.5,7.4,0,3.2,5.2,7.5,0,2.9,4.9,7.8,0,FALSE
Beautiful Dream,182,2.9,5.2,7.4,0,2.35,4.8,6.7,0,2.2,3.6,5.2,0,FALSE
BLUE BOOTS,125,3.1,4.7,8.2,0,2.95,4.4,8,0,2.6,4.4,7.8,0,FALSE
Born to be,192,2.45,4.5,6.5,0,2.35,4.45,6.45,0,2.7,4.9,6.55,0,FALSE
BRIGHT STREAM,158,1.9,4.8,6.1,0,1.55,5.3,6.1,0,4.2,4.7,5.7,0,FALSE
Cassis,176,2.8,5.2,7.8,0,2.4,4.4,6.8,0,2.25,4.1,6.7,0,FALSE
Crazy blooms,151(-302),2.7,4.5,6.7,7.8,2.9,5.2,6.8,8.15,3.1,5.1,7.4,8.1,FALSE
DIGITAL GIRL,188,3.45,5.05,7.25,0,3.05,5.05,6.55,0,3.1,4.85,6.75,0,FALSE
Don't Break Up,190,2.7,4.1,8.4,0,3.5,5.2,8.15,0,3.2,5.5,7.9,0,FALSE
DRAGON KILLER,210,3,5,6.9,0,3,5.15,8,0,4.05,5.45,7.6,0,FALSE
Elemental Creation -GITADO ROCK ver.-,212,2.8,5.7,8.8,0,3.4,5.6,9.5,0,2.5,5,7.3,0,FALSE
Empathetic,180,1.9,4.4,7.4,0,2.3,5.2,6.7,0,2.3,5.35,7,0,FALSE
Endless Chain ～2人でトリガーをひこう～,96-162,2.6,4,5.6,0,3,4.5,5.8,0,2.9,4.4,5.7,0,FALSE
Engraved Mark,188,3,5.6,7.8,0,2.8,4.7,6.3,0,3,4.8,6.5,0,FALSE
Escape,180,1.65,4.15,5.75,0,2.05,3.2,5.9,0,2,3.25,5.45,0,FALSE
Evans -TLION69 Remix-,185,3.4,5.1,8,0,3.2,6.2,8.7,0,3.5,5.7,7.6,0,FALSE
Factor of adhesion,132,2.4,4.3,7.8,0,3.6,5.2,7.7,0,3.7,4.9,7.4,0,FALSE
Fat snail,185,2.55,5.9,8.2,0,3.6,5.1,6.55,0,3.65,4.5,5.95,0,FALSE
Fly with me,177,3.1,5.2,7.1,8.35,3.2,4.5,6.2,7.6,2.8,4.4,5.55,7.8,FALSE
GAIA -GITADORA EDITION-,180,2.1,4.9,7.2,0,2.1,5.5,8.4,0,2.2,4.3,7.5,0,FALSE
Get Off of My Way,135,2.4,4.1,6.6,0,2.5,4.2,6.2,0,2.5,4.75,6.2,0,FALSE
GIGA BREAK,135,3.5,5.7,8.2,0,3.2,7.45,9.45,0,4.3,6.1,7.15,0,FALSE
Give Us Kiss!,165,2.3,3.8,6.9,0,2.5,4.6,5.55,0,2.2,4.2,5.2,0,FALSE
God knows...,155,1.9,3.9,7.9,0,1.85,4.7,7.8,0,2.25,4.8,6.8,0,FALSE
Grapes,240,2.9,4.9,7.7,0,3.7,5,7.75,0,2.4,4.8,7.2,0,FALSE
HEART BEAT FORMULA (GITADORA Ver.),230,2.7,4.9,7.7,0,2.5,4.3,6.1,0,2.25,4.4,8.15,0,FALSE
heron -GITADOROCK ver.-,182,2.4,4.8,7.15,0,2.5,4.9,8.35,0,2.6,4.6,7.2,0,FALSE
Holding On,200,2.8,6,9.5,0,2.3,5.3,8.65,0,2.3,5.15,7.4,0,FALSE
HYENA (Live Edit feat. 96),178,2.4,5.95,9,0,2.6,5.7,7.75,0,3.1,5.65,7.8,0,FALSE
Hyperseven type K,170,2.4,4.7,7.5,0,3.7,7,8.55,0,3.5,6,7.7,0,FALSE
Jasper,220,3.5,6.8,8,0,2.1,4.65,7.55,0,2.5,4.75,7.35,0,FALSE
Joyeuse,260-274,2.7,5.3,8.5,0,2.9,6.4,8.6,0,4.1,6.45,8.45,0,FALSE
Last Song,120-280,4.2,5.9,8.15,9.1,3.9,5.3,6.6,8.2,3.6,5,6.15,7.6,FALSE
Like&Love,180,2.6,5.05,8,0,2.7,3.9,5.45,0,2.8,4.1,5.75,0,FALSE
Link up,170,2.4,4.5,6.9,0,2.4,5.1,8.1,0,2.5,4.8,7.1,0,FALSE
LOVE & JOY -GITADORA MIX-,180,2.4,5.2,7.1,0,1.9,5,7,0,2.2,3.9,5.1,0,FALSE
MANDARA,216,2.2,4.3,7.85,0,2.2,4.85,6.4,0,3.3,5.7,7.05,0,FALSE
memento mori -intro-,170,3.4,5.7,8.1,9.8,2.7,5,7.6,9.3,2.5,4.8,7.5,9.2,FALSE
Metallic,176,2.4,4.95,6.1,0,2.95,5.65,8.8,0,3,5,7.65,0,FALSE
Mighty Wind,190,3,5.5,7.7,0,2.8,5.6,7.6,0,2.7,5.7,7.8,0,FALSE
MODEL FT3,155,3.8,5.85,7.7,8.9,4.8,6.8,7.6,9.25,5,7,8.1,9.1,FALSE
Mother Tree,190,3.05,5.45,7.35,8.45,4.3,5,6.45,7.1,3,4,5.2,6.4,FALSE
Never Look Back in Sorrow,270-340,3.3,5.4,8.3,0,2.85,5,7.15,0,3.05,4.8,6.4,0,FALSE
nightbird lost wing (GITADORA ver.),190,2.5,4.4,7.4,0,2.6,4.6,7.3,0,3.05,4.7,7.4,0,FALSE
"No pain, No game",190,1.6,3.8,6.4,0,1.9,3.8,5.5,0,2.45,4.2,5.7,0,FALSE
no where now here,190,3.2,4.95,6.5,0,2.6,4.5,5.9,0,3.4,5,6.7,0,FALSE
NOVA ERA,170,3.2,6.15,8.9,0,2.1,5.1,6.4,0,2.05,4.65,6.75,0,FALSE
Obsidian,135-186,2.6,5.7,7.95,9.4,3.7,6,7.85,9.35,3.5,5.5,7.7,8.6,FALSE
only my railgun,149,1.45,3.8,7.45,0,1.65,5.1,7.05,0,2.85,4.75,6.9,0,FALSE
OVERHEAT -Type GD-,155,2.65,4.9,6.4,8.15,3.5,5.35,7.3,8.7,2.75,4.6,6,7.4,FALSE
PATRIOT'S DREAM(美しく花と散れ),168,1.5,4.9,7.8,0,1.65,5,7.6,0,2.4,4.5,6.3,0,FALSE
Polaris,180,4.4,5.7,7.75,0,3.8,5.25,6.7,0,3.6,5.3,7.65,0,FALSE
precious heart,190,2.7,4.5,7.7,0,2.25,5.7,8,0,3.45,5.2,6.9,0,FALSE
PUNISHER,180,2.4,5.1,8.35,0,2.15,5.8,7.45,0,3.35,4.85,6.75,0,FALSE
quaver♪ ギタドラ ver.,182-186,3.2,4.4,7,0,3.35,4.6,7.65,0,3.3,4.1,6.65,0,FALSE
RAGNAROK,108-184,2.25,4.7,7.9,0,2.65,5.75,8.3,0,2.75,4.45,6.3,0,FALSE
Red haze,158,2.8,4.5,6.1,7.55,2.05,4.2,5.65,7.9,3.65,4.2,6,7.3,FALSE
Return of the throne,218,3.15,4.5,6.85,0,2.95,4.85,8.2,0,3.7,5.4,7.95,0,FALSE
ROCKET MAN,220,3.2,4.85,7.15,0,4,6,7.35,0,3.8,5.7,7.35,0,FALSE
Rosetta Stone,160,3.6,5,7.5,8.5,3.8,5.1,7.35,8.25,3.9,5.4,7.2,8.2,FALSE
Run Run,181,2.5,4.5,7.85,0,2.6,4.7,7.2,0,2.3,4.5,6.8,0,FALSE
Sakura Sunrise (GITADORA ver.),181,2.8,5.7,7.8,0,2.6,5,7,0,1.7,3.3,5.5,0,FALSE
SAVIOR OF SONG (feat. MY FIRST STORY),192,2.3,4.5,6.55,0,1.6,4.3,5.55,0,2,4.4,5.5,0,FALSE
Screaming Your Faith!!!,162,2.4,4.9,8.05,0,2.7,5.4,7.2,0,3,4.6,5.9,0,FALSE
Second Limit,190,1.5,3.9,6.3,0,1.2,5.8,7.85,0,2.1,4.65,5.9,0,FALSE
Shining Wings,174,2.4,4.2,6.05,0,3.1,5.2,6.95,0,3,5.25,7.05,0,FALSE
Shining Wizard,158,2.6,4.8,8.2,0,3,4.8,7.75,0,2.55,4.7,7.6,0,FALSE
S. LAUNCHER,120,2.5,4.8,6.9,0,2.5,5.2,8.45,0,2.1,4.4,7.05,0,FALSE
sola GITADORA ver.,148,2.5,5.3,8.3,0,2.3,4.3,7.6,0,2.8,4.7,7,0,FALSE
solitude,144,3.3,5.25,7.75,0,3,5.1,7.4,0,3.2,4.7,7.3,0,FALSE
SPACE DRIVER,198,2.8,4.55,6.5,0,3.3,5.05,6.55,0,3.3,5.15,6.75,0,FALSE
Spanish Snowy Dance (daybreak ver.),180,3.4,5.8,8.3,0,3.2,6.5,9.25,0,2.5,5.2,7.9,0,FALSE
Speeders,175,2.65,4.1,5.9,0,3.95,4.65,6,0,3.8,4.65,5.6,0,FALSE
SPRING BAZOOKA,148,3,4.2,7.05,8.9,3.65,6.3,8.2,9.4,3.5,5.15,6.75,7.9,FALSE
Squeeze -GITADORA Mix-,173,2.6,4.1,6.4,0,2.7,5.7,7.6,0,2.8,4.6,5.6,0,FALSE
Stella Sinistra,120-180,2.5,5,8.25,0,2.8,5,8.2,0,2.55,4.75,7.8,0,FALSE
STULTI,90-182,2.2,5.3,8.3,0,2,4.8,7.3,0,2.8,5.1,6.7,0,FALSE
Summer Lady,142,2.4,5,6.1,0,3.05,4.15,5.75,0,2.9,4.2,6.1,0,FALSE
Synergy For Angels (GITADORA Ver.),160,1.7,4.6,7.9,0,1.9,4.9,7.1,0,2,4.4,6.7,0,FALSE
TEAR OFF YOUR CHAIN,180,2.6,5.4,9.1,0,2,5.35,8.35,0,2.2,5.05,8.1,0,FALSE
TRICK,185,3.35,5.3,7,0,2.95,5,6.4,0,2.9,4.5,5.75,0,FALSE
Triple Journey -OJ EDITION-,185,3.1,5,7,0,3.2,4.9,7.25,0,3.6,5.1,7,0,FALSE
Veneficus Verticis,183,3.65,5.75,7.9,0,3.3,5.1,8.1,0,3.2,5,7.4,0,FALSE
V.I.P,185,2.2,5.4,6.75,0,1.7,3.8,5.55,0,2.9,4.9,5.4,0,FALSE
Virga Gigantum,178-267,4.4,5.9,7.3,9.3,4,5.9,7.8,8.85,4.1,5.7,7.6,8.15,FALSE
ViViD,205,1.7,4,6.2,0,1.8,4.7,7.75,0,2.5,3.5,5.5,0,FALSE
VOICE,175,2.35,5.4,6.75,0,2.95,4.6,6.5,0,3.05,4.2,5.4,0,FALSE
ZONE//ALONE,173,1.2,4.8,6.5,0,1.6,3.5,5.1,0,2.3,3.9,5.2,0,FALSE
愛と勇気の三度笠ポン太,160,2.6,5,8.2,0,3.85,5,7.35,0,3.95,5.65,7.15,0,FALSE
愛は不死鳥の様に,192,2.35,4.9,6.9,0,2.75,5.75,7.65,0,3.65,5.85,7.55,0,FALSE
天ノ弱,200-205,2.5,4.25,6.6,0,3.3,5.8,7.45,0,3,5.75,7.6,0,FALSE
雨ノチHello,189,3.05,5.15,7.15,0,2.85,5,6.25,0,3.3,4.85,6.85,0,FALSE
アルストロメリア(GITADORA Ver.),144,3.3,5.4,7.95,0,3.6,6.2,7.75,0,3.4,5.6,6.9,0,FALSE
いきもの失格,113,2.2,4.5,6.1,0,2.3,4,6.6,0,2.1,3.9,5.6,0,FALSE
お米の美味しい炊き方、そしてお米を食べることによるその効果。,190,2.7,6,9.1,0,2.45,5.8,8.3,0,3.8,5.6,7,0,FALSE
俺と愛とロック,150-153,3,5.3,7.3,0,2.75,4.2,5.3,0,2.55,3.9,5,0,FALSE
カタルシスの月,200,3.3,4.5,6.5,0,2.7,4.7,6.8,0,3,4.8,6.7,0,FALSE
カタルリズム,176,1.5,4.7,6.4,0,1.8,4.3,5.6,0,2.1,4.2,5.3,0,FALSE
ガラス越し→バイなう,166,2.6,4.6,6.6,0,2.5,3.8,6.8,0,2.3,4.9,6.2,0,FALSE
キケンな果実,174,1.6,5.2,8.5,0,2.4,4.1,7.7,0,2.7,4.2,6.7,0,FALSE
君と同じ季節の下,215,2.3,4.7,6.5,0,2.4,4.25,6.9,0,2.5,3.75,5.3,0,FALSE
狂喜宴舞,169,2.45,4.1,7.5,0,3.8,6.1,7.95,0,3.4,6.2,7.9,0,FALSE
叫声,225,2,4.6,7.2,0,2.1,4.3,5.95,0,2.05,4.9,6.5,0,FALSE
キルト,178,1.3,5.15,8.15,0,1.3,5.35,6.6,0,2.8,4.2,5.7,0,FALSE
空蒼ランデヴー,105,3.4,5.5,7.1,0,3.4,4.8,6.65,0,2.85,5.1,7.1,0,FALSE
ぐっばい my crybaby,157,2.5,4.2,5.8,0,2,4.2,6.1,0,1.7,4.4,6,0,FALSE
クリムゾンゲイト,198,3.55,5.2,7.5,8.6,3.3,5.1,7.4,8.55,4.2,5.7,7.2,8.65,FALSE
迎撃のフォルテ,195,3.05,3.95,6.3,0,3,4.45,5.3,0,2.7,4.3,5.2,0,FALSE
元禄花吹雪,170,2.4,5,8,9,3.75,5.05,7.6,9,4,5.5,7.35,8.8,FALSE
こわれそうなもの,175,2.6,5.1,7.55,0,2.5,4.6,6.2,0,2.2,4.3,4.95,0,FALSE
金輪際のエレジー,188,3.5,5.2,7.7,0,2.4,3.9,5.9,0,3,3.9,5.2,0,FALSE
最終回STORY,215,1.6,4.3,6.1,0,1.7,4.8,6.5,0,2.8,4.5,6.3,0,FALSE
去る金合戦,164,2.9,4.4,7.05,0,3,4.9,7,0,2.9,5,6.3,0,FALSE
此岸の戯事,195,3.5,5,7.4,0,3.35,5.1,8,0,3.25,5.2,7.95,0,FALSE
辞世テンプレート,220,2.1,4.8,8.05,0,1.95,4.9,7.15,0,3.6,5.15,7.05,0,FALSE
情操ディストピア,228,2.25,5,6.4,0,2.9,5.8,7.2,0,3.8,5,6.8,0,FALSE
少年リップルズ,210,2.25,4.65,8.1,0,2.8,4.35,7.2,0,3.4,5,6.8,0,FALSE
振動デザイア,200,2.8,4.7,7.5,0,2.5,4.4,6.4,0,2.9,4.5,6.1,0,FALSE
晴天Bon Voyage,230,2.3,5.2,8,0,1.8,4.7,7.65,0,2.1,4,6.6,0,FALSE
セツナトリップ,145,2.4,4.4,8,0,3.5,5.7,8,0,3.4,4.6,6.7,0,FALSE
閃光のPRISONER,183,2.3,4,6.9,0,2.1,5.1,6.55,0,3.2,4.8,6.4,0,FALSE
戦場のタクトシュトック,187,3.4,5,7.8,0,3.1,5.1,7.7,0,3,5.2,7.3,0,FALSE
創世ノート,200,2.1,5.3,7.6,0,2.4,4.7,6.8,0,3.2,5.05,6.9,0,FALSE
魂のルフラン,144,1.35,4.25,7.25,0,1.4,3.75,6.15,0,2.4,4.95,6.3,0,FALSE
ちくわパフェだよ☆CKP,205,2.7,5.4,7.5,0,3.3,5,6.8,0,2.9,5.3,7.4,0,FALSE
デストロイマーチ,155,2.15,4.2,7.2,0,2.7,5.5,8,0,2.6,5.3,7.5,0,FALSE
デッドボヲルdeホームラン,145,2.55,4.1,7.35,0,2.55,5.65,8.2,0,3.9,5.4,7,0,FALSE
轟け!恋のビーンボール!! ～96バット砲炸裂!GITADORAシリーズMVP弾!～,180,3,4.95,7.2,0,2.5,4.7,7.3,0,3.3,5.1,7.2,0,FALSE
ドリーム・キッス,190,2.6,4.95,6.1,0,2.95,5,6.8,0,2.8,4.4,7.2,0,FALSE
†渚の小悪魔ラヴリィ～レイディオ† (GITADORA ver.),190,2.9,4.7,7.4,0,2.8,4.9,7.2,0,1.9,4.85,7.1,0,FALSE
虹色の花,170,1.95,5.6,8.1,0,2.2,5.5,7.7,0,2.3,4.7,6.7,0,FALSE
猫侍の逆襲,152,3.5,5.6,9.35,0,4.1,6.1,8.2,0,4.2,6.9,7.95,0,FALSE
ノンフィクションワールド,134,2.3,4.7,7.4,0,3.4,5.4,8.35,0,3,5.7,7.8,0,FALSE
羽根亡キ少女唄,174,2.8,4.6,7.7,0,3.4,5.7,7.5,0,3.7,5.6,7.3,0,FALSE
春待ち花,160,2.9,5,7.4,0,2.8,5.45,8.2,0,3.2,4.4,6.8,0,FALSE
白虎転生録,141,2.8,4.8,6.9,8.1,2.7,4.8,8.05,9.15,2.45,4.7,7.3,8.8,FALSE
ファッションモンスター,160,1.6,3,5.9,0,1.1,3.3,4.7,0,1.3,3.4,4.8,0,FALSE
冬色,155,2.35,5.7,7.5,0,2.65,5.3,6.75,0,2.7,5.55,7.4,0,FALSE
フレッフレー♪熱血チアガール,195,2.9,5.3,9.05,0,2.5,5.1,7.9,0,2.4,4.9,7.45,0,FALSE
放課後ストライド,225,3.4,5.8,8,0,3.6,5.2,7.45,0,3.4,5.3,6.8,0,FALSE
僕とサヨナラの合図,170,2,3.7,5.8,0,2.7,4,6,0,2.5,3.7,5.2,0,FALSE
ボクらのトリップデイズ,250,2.4,4.5,7.1,0,2.5,4.2,5.9,0,2.9,4.75,5.7,0,FALSE
ポップミュージック続論,182,3.1,5.1,7.4,0,3.2,5,7.45,0,3.4,4.55,6.25,0,FALSE
ホーンテッド★メイドランチ,188,2.6,5.1,8,0,2.7,5.2,7.6,0,3.35,5.35,7.35,0,FALSE
ボンビースキップ!!,120-164,2.95,5.65,8,0,3.3,5.35,8.4,0,3.2,6.2,8.5,0,FALSE
マインド・ゲーム,180,2.5,5.5,8.2,0,2.7,5.7,7.4,0,3.4,4.9,6.7,0,FALSE
マネマネサイコトロピック,210,3.6,5.7,7.8,0,3.2,4.8,6.8,0,3.1,5.2,7.1,0,FALSE
三毛猫ロックンロール,264,3,5.9,8,0,2.4,4.95,7.25,0,2.9,5.1,7.4,0,FALSE
見習い天使と星降りの丘,174,3.1,4.95,7.6,8.55,3.35,5.15,7.9,8.7,3.65,5,7.6,8.9,FALSE
めうめうぺったんたん!!,185,3.3,4.7,7.25,0,2.8,4.6,7.2,0,2.4,4.55,7,0,FALSE
女々しくて,143,2,4.25,6.2,0,1.3,3.3,4.8,0,1.8,3.8,6.5,0,FALSE
猛烈宇宙交響曲・第七楽章「無限の愛」,174,2.3,4.9,7.3,0,1.75,4.3,6.95,0,2.1,3.1,6.4,0,FALSE
もぎたてANGEL,147,3.1,4.4,5.8,0,2.75,4.5,6.4,0,2.45,4.75,6.35,0,FALSE
野球の遊び方　そしてその歴史　～決定版～,141,2.5,3.7,7.2,0,2.4,5.5,7.7,0,2.6,5.45,7.8,0,FALSE
優しさの理由,177,1.9,3.1,5.65,0,1.25,3.95,4.75,0,2.3,4.1,5.05,0,FALSE
夜咄ディセイブ,130,1.9,4.25,7.9,0,1.9,5.1,7.85,0,2,4.95,7.6,0,FALSE
雷君,181,3.25,4.9,8.1,0,3,5.3,7,0,3.6,4.9,6.8,0,FALSE
ラキラキ (GITADORA Ver.),165,2.5,5.4,8.4,0,2.3,5.45,7.6,0,2.7,4.6,7.8,0,FALSE
リアルワールド,196,2.2,5.1,7.1,0,1.7,3.75,5.55,0,1.95,3.25,5.7,0,FALSE
量子の海のリントヴルム (GITADOROCK Ver.),280,3,5.1,7.8,0,2.9,5.1,9.5,0,1.85,5.1,9.3,0,FALSE
ロックスターと魔法のランプ,143,1.6,3.9,5.4,0,1.7,4.3,6.3,0,1.5,4.4,5.8,0,FALSE
101回目の呪い,178,1.4,3.65,6.4,0,1.6,2.8,5.9,0,1.7,3.4,6.6,0,FALSE
Anti Pleasure ～快楽主義者の憂鬱～,180,2.3,5.3,6.4,0,2.6,5.55,7.25,0,2.8,5.3,7.3,0,FALSE
Cherry,244,2.9,5.55,7.75,0,3,5.6,7.75,0,3.2,5.7,7.65,0,FALSE
Cleopatrysm,190,2.3,5.7,8.55,0,2.7,5,7.7,0,2.9,4.9,7.7,0,FALSE
Colors,117-137,3,5.1,6.55,0,3.1,5.4,7.25,0,2.7,4.7,6.3,0,FALSE
Crystal Toybox,90-220,2.7,5.7,8,0,3,5.3,8,0,2.9,5.1,7.3,0,FALSE
DEATH BRINGER,194,4.5,5.1,7.8,8.95,4,6.1,7.6,8.3,3.9,5.7,6.8,7.4,FALSE
dye it white,138,1.9,5.1,7.3,0,2.8,5.2,7.6,0,2.6,5.3,7.2,0,FALSE
heliodor,182,3.1,5.85,7.5,8.6,3.1,5.5,7.15,8.25,3.25,5.6,7.3,8.45,FALSE
HYDRA,277,2.8,5.6,7.8,0,3.5,6.4,8,0,3.7,6.2,7.05,0,FALSE
Idola,201,3.1,5.6,7.3,8.5,3.4,5.5,6.9,7.65,3,5.3,6.7,7.45,FALSE
Insania,192,2.7,5.7,7.7,0,2.7,5.2,7.35,0,2.9,5.3,7.2,0,FALSE
jkパラダイス,150,2.6,4.2,6.85,0,3.5,6.4,7.8,0,3.6,5.9,8,0,FALSE
KHAMEN BREAK,180,2.3,5.5,8.2,0,3.1,5.3,7.65,0,3,5.25,7.75,0,FALSE
LEMON & SALT,154-165,3.5,5.85,7.7,9.75,3.8,5.4,7.1,9.25,3.9,5,7,8.2,FALSE
LIFE,150,2.7,5.6,7.75,0,2.7,5.35,6.25,0,2.5,5.1,6.4,0,FALSE
Limit Level,180,2.7,4.6,7.45,0,3.7,6.4,8,0,3.9,6.5,7.5,0,FALSE
Mambo Caribbean 5,240,3.5,5.7,7.4,0,3.1,5.3,7.45,0,3.3,5.4,6.9,0,FALSE
Nature(GITADORA ver.),230,3.6,6,7.5,9.45,3.8,6,8.3,9.9,3.6,5.4,8.5,9.2,FALSE
Noli Me Tangere,178-267,3.5,5.7,7.85,9.2,3.5,5.2,7.4,9.15,3.45,5,7.5,8.3,FALSE
Pray to the Earth,140-290,3.5,5.8,7.25,8.7,3,5.5,7.45,8.5,3.2,5.3,7.1,7.7,FALSE
Quarrel and Harmony,155-310,3.7,5.4,6.9,8,3.6,5.1,7.8,8.8,3.7,4.9,7.6,8.4,FALSE
rage against usual,152,3.2,5.5,7.7,8.7,3.4,6.2,8.1,9.5,2.8,5.1,6.4,7.05,FALSE
Re:GENERATION,176,2.9,5.2,7.65,0,2.7,4.8,6.3,0,2.6,4.9,5.9,0,FALSE
Start it right away,165,1.6,4.55,7.3,0,1.9,3.9,6.6,0,1.8,3.8,6,0,FALSE
Summer '64,160,3.45,6,8.3,0,2.8,5.7,7.35,0,2.7,5.6,7.5,0,FALSE
The ULTIMATES　-Darkness-,160-300,3.8,6.4,8.4,9.5,3.2,5.6,8.35,9.20,3.4,5.7,7.85,8.6,FALSE
think about you,183,2.1,4.3,6.3,0,2.5,5,7.1,0,3.15,5.4,7.25,0,FALSE
TOXIC VIBRATION,197,3.6,5.3,7.5,9.05,3.5,6.4,8,9.5,3.6,5.9,6.7,7.5,FALSE
UNLIMITED FIRE,160,2.4,4.1,6.6,0,2.8,4.7,5.8,0,2.9,6.45,7.4,0,FALSE
War evasion,116-232,3.3,5.2,6.6,8.65,2.9,5.1,7.4,8.7,3.1,4.6,6.1,8.5,FALSE
あなたが思うより愛していた,162,2.8,5.4,6.7,0,2.9,5.35,6.8,0,2.8,5.2,6.7,0,FALSE
家出少年と迷子少女,165,2.3,4.2,7.9,0,2.3,4.4,7.7,0,2.4,4.6,6.6,0,FALSE
イブの時代っ！,210,2.7,5.6,7.3,0,3.3,5.6,7.3,0,3.5,6,7.45,0,FALSE
魚氷に上り　耀よひて,106-212,2.4,5.2,7.8,0,2.9,5.7,7.5,0,3,5.6,7.35,0,FALSE
御千手メディテーション,150-190,2.2,5.6,8.4,0,2.8,5.3,8.2,0,2.9,5.1,7.4,0,FALSE
温故知新でいこっ！,118,2.4,5.2,7.1,0,2.5,5,6.65,0,2.7,5.25,6.3,0,FALSE
過食性:アイドル症候群,200,1.4,3.55,5.7,7.65,1.4,3.3,5.45,7,2.2,4.2,6.3,8,FALSE
狂艶ノ華,144,3.5,5.1,7.7,0,3.3,5.1,7.3,0,3.4,4.7,6.85,0,FALSE
煌-灼熱の裁き-,202,3.15,5.7,7.65,0,3.2,5.6,7.5,0,3.5,5.45,7.2,0,FALSE
幻想系世界修復少女,193,2.7,5.3,7.25,0,2.85,4.9,7.2,0,2.7,5.1,7.3,0,FALSE
恋とキングコング,158,2.7,5.4,7.45,0,2.3,5.25,6.9,0,2.6,5.8,7.2,0,FALSE
虚空と光明のディスクール,140,2.3,4.9,6.3,0,2.6,5.35,6.25,0,2.35,5,6.1,0,FALSE
今宵フラクタル,158,3.25,5.7,7.4,0,2.9,5.25,7.05,0,3.2,5.3,7.3,0,FALSE
残酷な天使のテーゼ,79-128,1.2,3.4,4.55,0,1.9,3.5,6.7,0,1.8,3.3,5.7,0,FALSE
時雨インソムニア,168,2.5,4.4,7.2,0,2.4,5,6.9,0,2.5,4.6,6.1,0,FALSE
守護神,176,2.5,5.3,8.2,0,3.4,5.45,7.75,0,3.5,5.4,7.55,0,FALSE
ジュピターガンズノベル,156,3.6,5.85,7.75,8.7,3.55,5.8,7.3,8.2,3.2,5.45,6.8,7.85,FALSE
相反オポチュニティー,155,2.8,5.7,8.05,0,3.2,4.8,6.55,0,2.6,4.9,7.05,0,FALSE
だから君じゃない。,187,2.9,5.2,6.65,0,3.1,5.5,6.35,0,3.2,5.3,6.2,0,FALSE
たまごの物理科学的 及び調理特性に関しての調査、そしてその考察,160,3.1,5.2,7.35,9,2.6,5.3,7.7,9.15,2.8,5.3,6.5,7.3,FALSE
天地動伝説,147-294,3.4,6,7.45,9.5,3.3,5.9,7.5,9,3.2,5.6,7.35,8,FALSE
でんでんぱっしょん,157-186,1.9,4.5,6.7,0,2.1,3.85,7.1,0,2.1,3.7,6.45,0,FALSE
童話回廊,262,3.6,6,7.7,8.7,3.5,5.2,7.45,8.75,3.1,5.6,6.95,8.5,FALSE
都会征服Girls☆,(70-)140,2.1,5,7.5,0,3.1,5.5,7,0,3.35,5.75,7.7,0,FALSE
とってもとっても、ありがとう。,92,2.3,4.7,6,0,2.2,5.1,6.3,0,1.9,4,5.7,0,FALSE
走れメロンパン,170,2.6,5,6.35,0,2.75,5.4,6.4,0,2.6,5.35,6.4,0,FALSE
果たし状,203,3.1,5.45,7.95,0,3.2,6.3,7.65,0,2.9,5.9,7.55,0,FALSE
バンブーソード・ガール,208,3.4,5.9,8.2,9.65,3,5.3,7.4,8.8,3.6,5,7.5,8.70*4,FALSE
一粒のナミダ,111,2.4,4.3,7.7,0,2.7,4.5,6.6,0,3.2,4.9,6.2,0,FALSE
星宿る空の下で,204,3.65,5.4,6.8,7.8,3.4,5.3,7.2,8.35,3.1,5.3,7,7.85,FALSE
ポップミュージック論,190,2.4,5.1,7.55,0,3,5.4,7.25,0,3.1,5.3,6.85,0,FALSE
滅びに至るエランプシス,158,2.9,5.75,7.65,0,2.5,5.1,6.7,0,2.4,5.3,6.8,0,FALSE
回レ！雪月花,160,2.2,5.3,7.7,0,2.6,5.3,7,0,2.7,5,6.9,0,FALSE
水鏡,157,2.5,5.4,7.85,0,3.15,5.6,7.3,0,2.8,5.5,6.9,0,FALSE
幽明異境,152-202,3.75,5.4,7.15,8.4,3.5,5.6,7.9,9.4,3,5.5,7.4,8.1,FALSE
凛として咲く花の如く ～ひなビタ♪ edition～,163,3.3,5.7,7.2,8.15,3.4,5.75,7.15,7.95,3.45,5.6,6.7,7.55,FALSE
A SHOOTING STAR,140,2.9,4.85,7.35,0,3.5,5.9,7.7,0,3.1,5.55,6.7,0,FALSE
Aithon,126,4.05,4.95,6.15,0,3.55,5.6,7.05,0,3.75,5.05,5.95,0,FALSE
Wall Street down-sizer,160,2.6,5.2,7,0,3,5.4,6.8,0,3.25,5.8,8,0,FALSE
螺子之人,170,3.55,6.45,7.95,0,3.85,5.8,7.25,0,3.55,5.7,6.85,0,FALSE
ペパーミントは私の敵,170,3.25,5.3,6.6,0,3.15,4.95,6,0,3.7,5.15,6.8,0,FALSE
空言の海,92,3.25,5,6.15,0,2.9,4.05,4.85,0,2.85,4,4.95,0,FALSE
