777,3,4.55,7,,2.75,4.65,6.45,,3.4,5.05,7.45
10000000000,3.05,4.9,6.2,7,3.65,4.35,5.55,7.3,3.4,5.15,8,9.15
 ☆shining☆（GF&dm style）                                       ,3.6,5.4,6,,2.35,3.9,4.4,,2.45,4.5,5.6
 †渚の小悪魔ラヴリィ〜レイディオ† (GITADORA ver.)               ,2.25,4.1,6.7,,1.35,4.3,6.65,,2.05,4.15,7.65
 0時20分のRoulette                                                ,2.8,5.45,6.8,,3,4.9,6.1,,2.3,3.6,6.65
 1/n                                                              ,3.35,4.8,6.3,,3.6,3.95,4.85,,2,4.5,6.35
 3 A.M. ディテクティブ・ゲーム                                    ,2.35,4.35,6.4,9.1,1.7,3.95,6.45,6.85,2.05,3.75,5.45,6.6
 8 -eight-                                                        ,1.75,4.8,8.4,,2.1,4.55,8.45,,2.5,4.4,8.4
 800nm                                                            ,1.7,3.95,6.1,,2.3,4.35,7.1,,2.4,4.95,7.6
 A SHOOTING STAR                                                  ,3.1,6.2,7.65,,2.7,5.4,6.85,,3.15,4.45,7.35
 A.DOGMA                                                          ,3.9,6.5,8.95,9.65,4.5,7.35,9,9.6,6.65,8.6,9.55,9.9
 Across the nightmare                                             ,3.95,4.4,5.3,,,,,,3.15,4.45,6
 Adrenaline                                                       ,3.25,4.2,5.65,,3.1,3.85,5.4,,2.95,4.3,6.05
 Adverse Criticism                                                ,3.95,5.9,8.7,,3.7,6.35,8.35,,4.3,6,8
 AFTER A HARD DAY                                                 ,2.95,6.25,7.75,,2.7,5.65,7.1,,3.1,5.1,6.9
 Agnus Dei                                                        ,3.1,4,6.2,7.5,3.15,4.45,5.2,6.65,4.5,5.6,7.45,8.75
 Aithon                                                           ,3.1,5.75,6.75,,3.6,4.65,5.35,,3.8,4.7,5.85
 Alternative Tactics, Second Urgent Issue                         ,2.25,4.05,6.75,8.5,2.7,3.9,5.55,6.65,1.65,4.05,6.35,7.55
 Anathema                                                         ,4.35,5.95,8.6,9.55,4.45,6.45,8.2,8.9,4.25,6.5,8.85,9.75
 ancient breeze                                                   ,4.3,6.2,8,,3.9,5.4,6.4,,4.55,6,7.95
 Anti Pleasure 〜快楽主義者の憂鬱〜                               ,1.95,4.8,6.7,,3,4.65,6.8,,2.5,4.8,6.2
 AREA 51                                                          ,3.15,4.8,6.75,,3.55,4.7,5.5,,2.5,4.4,7.6
 Arena Sexarboris                                                 ,3.2,5.85,8.6,,3.35,5.8,7.95,,2.5,6.35,8.25
 Around 40                                                        ,4.65,6.35,8.75,,4.2,6.25,7.45,,3.45,4.35,9.2
 Arx Tyranni                                                      ,2.5,3.9,6.35,8.15,1.95,3.45,5.65,6.55,3,4.35,5.75,6.95
 Ascetic                                                          ,3,4.05,5.65,6.3,3.4,4.35,5.4,5.9,4.75,5.9,8.6,8.65
 Atalante                                                         ,3.55,6.4,9.05,,3.25,4.4,5.7,,3.55,5.5,7.8
 ATOMS                                                            ,3.35,4.6,7.1,,3,4.25,5.3,,3.05,4.45,6.7
 Awaken Ver.G                                                     ,2.95,4.35,7.1,,2.35,4.65,7.05,,2.95,4,7.5
 AXIS                                                             ,4.1,5.9,7.6,,4,5.35,6.7,,3.55,5.7,7.6
 Bangin' Breaks                                                   ,4.45,6.55,9.1,,4.7,7.9,9.4,,3.45,5.1,7.4
 Beautiful Dream                                                  ,1.8,4.45,6.25,,1.85,3.9,5.35,,2.5,5.1,7.75
 Before Daybreak                                                  ,2.1,4.65,6.95,,3.95,5.55,8.85,,3.4,5.7,8.7
 BEFORE I DECAY                                                   ,3.45,7.45,8,,3.6,6.65,8.1,,2.15,3.55,7.3
 begin                                                            ,3.35,4.3,5.75,,3.25,4.95,5.95,,1.95,4.95,6.8
 Believing                                                        ,3.2,3.95,5.3,,3.15,3.95,5.2,,1.75,3.85,6.1
 BELLS                                                            ,1.65,4.55,6.4,7.7,1.75,4.8,5.4,6.75,2.8,4.6,7.3,8.6
 Big Wave                                                         ,2.2,3.7,5.5,,2.3,3.85,6.45,,2.45,4.15,6.1
 Black horizon                                                    ,3.95,6.7,8.55,,3.95,6.5,7.9,,4.4,5.8,7.35
 Blaze                                                            ,3.05,4.1,6.65,9.4,3.1,4.15,5.35,5.95,3.45,4.6,6.75,8.1
 BLUE BOOTS                                                       ,2.6,3.9,7.9,,1.9,3.9,7.6,,3.4,4.9,8.5
 Blue Forest                                                      ,5.8,7.5,8.95,9.1,5.9,7.1,8,8.4,5,5.7,7.65,8.1
 blue moon                                                        ,3.45,4.55,6.85,9.5,3.75,4.5,7,8.5,4.3,6.2,8.25,9.1
 Blue planet                                                      ,4.55,5.75,8.5,,4.3,5.15,7.2,,3.25,5.6,6.8
 BOBBY SUE AND SKINNY JIM                                         ,3.25,4.35,6.3,,3.25,4.3,6.3,,3.1,5.4,6.8
 Brazilian Anthem                                                 ,3.7,4.7,6.7,,3.4,3.95,5.6,,5.15,6.4,7.85
 BRE∀K DOWN! (GF&DM STYLE)                                       ,3.3,4.65,5.4,,2.95,4.2,5.45,,1.9,4.95,6.05
 BRIGHT STREAM                                                    ,1.3,4.7,5.8,,3.6,4.35,5.25,,1.3,4.5,6.2
 Brown blizzard                                                   ,3.75,5.75,8.15,9.65,3.95,5.35,7.45,9.25,5,6.65,8.85,9.8
 Burning Cremation                                                ,1.95,4.2,6.2,8.45,2.25,4.55,5.55,7,3.15,4.5,6.95,8.55
 Butterfly Effect                                                 ,1.7,3.65,5.6,7.5,2.1,3.35,4.55,5.9,2.4,3.65,5.3,7
 cachaca                                                          ,3.65,4.7,5.85,,3.3,3.9,5,,4.15,5.55,6.7
 CALAMITY PHOENIX                                                 ,4.95,6.7,8,8.55,3.8,5.75,7.6,9.15,4,6.3,7.9,8.65
 CAPTAIN'S VOYAGE                                                 ,1.95,4.25,5.85,,1.9,3.75,5.35,,2.9,4.55,7.2
 CaptivAte〜裁き〜                                                ,3.65,5.05,6.3,,3.85,6.45,8.5,,3.6,4.95,6
 CARNIVAL DAY                                                     ,3.05,4.8,5.95,,3.35,4.8,6.1,,3.7,5.9,7.4
 CASSANDRA                                                        ,3.5,4.25,5.3,,2.1,3.6,4.6,,2.8,4.5,6.05
 Cassis                                                           ,1.85,4.05,6.35,,1.7,4.25,6.25,,2.8,4.85,8.1
 Catharsis Garden                                                 ,3.5,5.9,7.1,,3.65,5.6,6.75,,2.8,3.7,6.35
 CHAIN REACTION feat.NO+CHIN                                      ,3.4,4.65,5.85,,3.6,4.7,6.5,,2.8,6.05,7.6
 Chance                                                           ,3,3.85,5.8,,3.1,4,4.95,,3.3,4.4,6.1
 chAngE                                                           ,1.25,3.8,4.8,,2.2,3.85,4.7,,1.55,2.75,5
 Charismatic                                                      ,2.1,3.95,6.1,,2.2,3.65,6.1,,2.05,4.85,6.65
 Cherry                                                           ,3.1,4.75,7.45,,2.8,4.65,6.85,,3.35,5,7.75
 CHIMERA                                                          ,2.35,4.7,7.1,8.65,,,,,2.7,4.2,6,7.8
 Chinese Snowy Dance                                              ,4.55,5.65,7.65,9.45,5.15,6.1,7.65,9.35,4.1,5.85,8.5,9.2
 CHOCOLATE PHILOSOPHY                                             ,3,4.95,6.35,,2.95,4.05,4.85,,3.45,4.7,6.5
 Chronos                                                          ,4.7,5.55,6.85,8.35,3.85,5.35,6.55,7.9,4.2,4.85,6.5,8.15
 CLASSIC PARTY                                                    ,3.3,5.65,6.4,,3.05,3.85,4.85,,2.8,5.15,5.9
 CLASSIC PARTY 2                                                  ,4.05,5.3,7.45,,3,4.1,6,,2.9,5.15,6.25
 CLASSIC PARTY 3                                                  ,4.6,7.5,8.65,,3.6,5.1,5.35,,3.8,4.95,5.45
 Cleopatrysm                                                      ,2.1,4,7.45,,1.85,3.95,7.6,,1.8,5.35,8.7
 cockpit                                                          ,3.1,4.3,6.7,8.1,3,3.85,6,7.35,4.3,6.1,8,9.05
 Colors                                                           ,2.95,4.7,6.65,,2.8,3.8,5.75,,3.35,4.5,6.35
 Come Back Alive                                                  ,3.1,3.75,5.3,,3.15,3.7,7.05,,3.5,4.7,9.65
 Concertino in Blue                                               ,4.95,7.95,9.55,9.95,4.65,6.35,8.5,9.35,6,7.35,8.4,9
 concon〜INAReMIX〜                                               ,1.1,4.45,5.75,,3,3.9,5.35,,1.1,5,8.55
 Confession                                                       ,2.5,4.4,5.5,,2.35,4.55,5.3,,1.7,3.55,6.65
 cosmic agenda                                                    ,2.95,4.1,6.45,,3.25,4.7,6.6,,2.25,4.6,7.4
 COSMIC COWGIRL                                                   ,3.3,4.4,5.6,,3,4,4.5,,4.3,5.3,6.45
 Cosmic Hurricane (GFDM ver.)                                     ,2.7,4.15,6.2,7.4,2,3.65,5.25,6.4,3.25,4.95,7.65,8.6
 Covered With The Wire                                            ,2.7,3.85,5.75,8.35,1.95,3.65,5.6,7.9,2.45,4.6,6.5,8.7
 Crack                                                            ,2.8,4.9,6.45,,3.4,4.4,6.6,,2.95,4.2,7.5
 Crazy blooms                                                     ,3.3,5,7.2,8.7,3.5,4.9,7.3,7.8,3.3,4.6,6.9,7.95
 Croquette                                                        ,3.5,4.75,5.55,,3.3,3.95,5,,2.6,3.95,5.55
 Crystal Toybox                                                   ,2.5,4.7,8.15,,1.8,4.55,7,,2.45,5.35,8.1
 Cutie pie                                                        ,1.45,2.4,3.6,,,,,,2.3,3.8,4.75
 DAWN                                                             ,4.7,6.65,9.2,,4.5,6.65,8.95,,3.85,6.45,8.6
 DAY DREAM                                                        ,5.2,6.45,8.45,9.95,5.15,6.4,8.1,9.4,5.55,6.8,8.9,9.9
 Day's!                                                           ,2.5,6,7.45,,3.75,5.55,7.65,,2.5,4.85,7.85
 DEATH BRINGER                                                    ,3.4,5.4,6.95,8,3.5,4.85,6.1,7.1,4.1,4.75,7.65,8.75
 Deep Deep Inside                                                 ,1.4,3.65,6.65,9,2,3.4,5.95,7.7,1.6,4.75,6.4,8.1
 Deep Forest                                                      ,3.6,5,7.6,,3.85,4.3,5.4,,3,4.45,6.5
 DEMON SLAYER                                                     ,2.1,4.55,7.5,9.2,3.2,4.5,6.45,7.8,3.55,5.05,6.8,8.2
 DEPARTURE                                                        ,3,4.75,7,7.8,,,,,2.8,4.35,6.3,8.45
 Depend on me                                                     ,,,,,,,,,2.05,4.2,5.95
 Desert Rose                                                      ,3.8,5.35,6.6,,3.6,5.2,6.55,,3.8,5.45,6.65
 DESTINY                                                          ,3,5.3,7.9,,2.95,4.95,7.3,,2.9,5.35,8.95
 Destiny lovers                                                   ,3.5,5.2,6.85,,3.65,5.55,6.5,,3.7,6.05,7.45
 Destiny Wings                                                    ,2.95,5.35,7.3,8.15,2.8,4.35,6.25,7.05,2.8,4.75,6.95,8.4
 Devil Fish Dumpling                                              ,3.45,6.5,9,,3.8,6.25,8.25,,3.45,5.25,8.65
 DIAMONDS                                                         ,1.05,2.75,4.7,,1.4,3.15,5.15,,1.3,3.95,4.5
 Die Zauberflote                                                  ,3.15,4,6.8,7.9,2.8,3.95,6.3,7.1,5.05,5.95,7.4,8.65
 DIGITAL GIRL                                                     ,2.6,4.5,6,,2.8,4.85,6.25,,3.25,4.7,7.2
 Don't Break Up                                                   ,3.1,4.9,8.35,,2.5,5.45,8.25,,2.25,3.9,8.6
 DOUBLE IMPACT                                                    ,2.75,4.6,8.15,,3.35,5.1,8.9,,3.75,5.1,7.95
 double thrash                                                    ,2.2,4.55,6.65,9.65,1.75,4.2,5.75,7.35,1.9,4.5,7.1,8.85
 Dragon Blade                                                     ,3.95,5.75,8.35,,3.65,5.35,6.5,,3.5,4.85,6.1
 DRAGON KILLER                                                    ,2.7,4.7,8.4,,3.45,5.55,8.1,,2.5,4.4,6.75
 Dragontail Butterfly                                             ,2.95,4.8,6.7,,3.35,4.7,6.35,,2.5,6.05,7.85
 Dream Again...                                                   ,3.25,4.15,6.65,,3.45,5.5,6.85,,2.5,4.35,5.5
 Dreams in the night                                              ,1.25,3.1,5.1,5.9,,,,,1.45,3.55,5.7,6.3
 Driven Shooter                                                   ,4,8.35,9.55,,4.25,6.8,7.75,,3.8,5.5,7.4
 drop                                                             ,3,4.3,5.4,,2.2,3.7,4.9,,3.35,5.25,6.9
 Dynamis                                                          ,4.75,5.8,7.1,8.3,4.3,5.4,6.55,7.1,4.8,6.4,8,8.95
 Eastern Lariat                                                   ,3.3,4.6,8.25,9.65,3.15,4.2,6.6,7.95,3.9,5.95,8.2,9
 Eau Rouge                                                        ,4.95,6.35,8.35,9,3.85,5.1,6.2,7.2,3.75,5.1,6.3,7.1
 Egocentricity                                                    ,2.1,3.95,5.5,,2.5,4.3,6.65,,2.4,5.15,6
 Einherjar                                                        ,3.35,6.3,8.25,9,3.5,4.6,6.35,7.8,2.9,5.5,6.8,8.85
 Eisenplatte                                                      ,2.25,4.3,6.55,8.5,2.1,4.25,6.55,8.15,3.3,5,7.35,9.2
 El Dorado                                                        ,3.45,5.95,8,,3.8,5.1,6.7,,2.6,5.25,7.95
 Electric Lady                                                    ,3.05,3.95,6.7,,3.3,4.35,6.1,,3.65,5.5,8.25
 Elemental Creation -GITADO ROCK ver.-                            ,3.55,5.35,9.5,,2.5,4.45,6.85,,2.45,5.75,8.85
 E-MAIL ME!                                                       ,1.9,4.05,5.45,,2.25,4.15,5.3,,2.7,4.6,6.25
 Empathetic                                                       ,1.65,4.3,6.25,,1.65,4.75,7.3,,1.45,3.85,7.4
 EMPYREAL CATASTROPHE                                             ,2.25,3.85,6.6,8.35,2.1,3.9,6.2,7.8,2.75,4.8,7.3,9.5
 ENCORE CONQUEST                                                  ,5.85,7.05,7.75,8.95,5.4,5.95,7.35,8.95,6.4,8.1,9.3,9.55
 Endless Chain 〜2人でトリガーをひこう〜                          ,2.8,3.95,5.25,,2.95,3.9,4.95,,1.75,3.4,5.35
 Endless cruising                                                 ,3,4.3,5.7,,3.65,4.55,5.85,,2.75,5,6.65
 Engraved  Mark                                                   ,2.25,4.15,5.8,,2.7,4.1,5.75,,2.8,5.35,8.1
 escape                                                           ,1.85,3.35,4.85,6.25,1.95,3.2,5.1,6.4,1.95,3.7,5.1,6.9
 ESCAPE TO THE SKY★彡                                            ,3.35,5.1,6.35,,3.05,4.5,5.85,,3.15,4.85,6.1
 ETERNAL BLAZE                                                    ,1.2,3.6,5.1,,2.4,4.05,5.3,,1.35,4.6,7.35
 Evans -TLION69 Remix-                                            ,2.8,6.25,9.05,,2.85,4.75,7.3,,2.8,4.4,8.1
 EVIL OGRE                                                        ,2,4.65,6.35,8.45,2.4,4.55,6.5,8.45,3.05,4.6,7.5,8.65
 Excavation Damage                                                ,3.75,5.2,6.55,7.9,3.95,5.2,6.35,7.6,2.95,4.15,5.95,7.2
 EXCELSIOR DIVE                                                   ,5.25,6.3,8.75,9.7,4.95,6.25,8.95,9.35,4.95,6.1,7.9,8.75
 Factor of adhesion                                               ,3.15,4.65,7.7,,3.3,4.45,7,,2.45,3.95,7.7
 FAIRY TALE                                                       ,2.5,4.25,6.65,7.5,1.85,3.8,5.75,6.45,2.65,5.25,7.15,8.5
 Fairy Tales                                                      ,2.35,5.25,6.4,7.75,2.6,4.65,6.65,8.65,2.9,5.35,6.95,8
 Fat snail                                                        ,3,4.8,6,,2.95,4.35,5.35,,2.05,5.5,8.4
 Feed The Hunger                                                  ,2.95,4.2,6.4,8.15,2.6,4.15,5.9,7.45,3.15,4.75,7.7,8.95
 FIFTH GIG                                                        ,4.2,7.8,8.95,,3.75,7.5,9.35,,4,7.75,9.75
 FIFTH GIG TYPE II                                                ,3.8,7.1,8.15,,4.35,7.3,8.7,,3.6,6.25,9.25
 FIRE                                                             ,2.5,4.85,6.45,,,,,,2.25,4.4,5.8
 Fire in my heart                                                 ,1.75,4.35,7.45,8.85,1.5,3.6,6.1,7.45,2.95,4.15,5.25,7
 FIRE IN THE DARK                                                 ,4.45,5.5,6.65,,4.15,5.4,6.8,,3.9,5.5,7.9
 FIREBALL                                                         ,3.3,5.3,6.45,,2.35,3.95,4.75,,3.95,6.05,7.4
 FLOWER -TLION69 Remix-                                           ,3.8,5.6,8.9,,3,4.25,6,,3.4,5.25,7.85
 Fly with me                                                      ,2.3,3.65,6.05,7.15,2.25,4.25,5.65,7.8,2.95,5.45,7,8.7
 For You                                                          ,1.4,3.1,5.95,6.85,1.35,3,5.35,6.55,1.35,2.8,4.85,6.5
 FORCE Interval Build                                             ,3.95,6.4,8.8,9.4,3.95,7,8.15,8.8,4.65,6.05,7.6,9.1
 Forever Young                                                    ,1.95,3.5,5.6,7.95,2.25,3.45,5,6.95,2.3,3.95,6.2,8.25
 four-leaf                                                        ,4.5,5.2,6.35,,3.3,4.25,4.9,,2.6,4.35,5.85
 Freeky Technique                                                 ,2.95,5.15,5.95,,2.35,5.6,6.85,,1.8,4.85,7.15
 FRIENDSHIP                                                       ,3.45,4.85,5.5,,2.95,4.65,5.9,,3.3,5.95,7.5
 Funky sonic World                                                ,4.7,6.4,7.05,8.6,4.45,5.25,5.9,7.2,3.65,6.35,8.6,9.45
 GAIA -GITADORA EDITION-                                          ,1.65,5.15,8.45,,1.5,3.8,6.75,,1.95,4.85,7.15
 Genesis Creation Narrative                                       ,3.65,5.5,7.75,9.05,3.05,4.05,6.8,8.6,4.5,6,8.4,9.65
 Gently, the rain sings for me                                    ,3.45,4.75,6.85,,3.25,5.25,5.8,,3.8,4.8,6.4
 GET IT ALL                                                       ,3.25,4.65,7.3,,1.95,4.05,5.75,,3.1,5.35,6.9
 Get Off of My Way                                                ,1.85,4.45,6,,1.75,4.3,6.3,,1.65,3.8,6.5
 GETAWAY                                                          ,2.95,4.8,7.1,,3,4.3,6.85,,3.3,4.25,6.7
 GIANT SLUG                                                       ,2.3,4.35,6.65,,2.2,3.95,5.85,,3.3,4.4,5.5
 GIGA BREAK                                                       ,3.45,7.55,9.1,,4.05,5.95,7.5,,3.85,5.6,8.4
 Give Me MORE!!                                                   ,2.35,5.3,8.8,,2.25,5.4,8.5,,4.25,5.9,7.9
 Give Us Kiss!                                                    ,2.1,3.75,5.15,,1.4,3.65,4.45,,1.85,3.55,6.75
 GLIDE                                                            ,3.6,5.7,7.05,,2.25,4,5.5,,3.15,4.7,7.1
 gloom                                                            ,3.6,4.7,5.9,,3.35,4.55,6.35,,3.3,4.7,8
 GO READY                                                         ,1.65,3.25,5.35,7.6,1.85,3.1,4.75,5.85,2.2,3.85,5.1,6.75
 going up                                                         ,3.2,4.85,6.85,,2.25,4.3,5.5,,3.25,4.85,7.95
 Golden galaxy                                                    ,3,4.45,8.25,9.2,2.75,4.55,7.3,9.1,3.6,5.15,7.5,9.3
 Gong！                                                           ,2.95,4.2,6.55,,2.6,5.35,6.45,,2.7,4.45,7.15
 Good bye, Summer〜さよならは言わない〜                           ,1.75,3.85,5.15,6.3,1.5,2.85,4.85,5.95,1.85,3.8,5.1,6.3
 GORI GORI                                                        ,2.1,4.6,7.2,,2.35,4.5,8,,3.55,5.25,6.65
 Grapes                                                           ,3.65,4.3,7.5,,1.65,3.8,6.6,,2.6,4.5,7.95
 Graphic Melody                                                   ,1.85,3.6,5.85,7.45,1.85,3.5,5.55,6.95,2.8,4.75,6.95,8
 Graviton                                                         ,3.25,5.1,6.8,,3.1,4.95,7.5,,3.4,5.6,8
 Green Lime                                                       ,3.8,5.75,8.25,,3.75,5.4,7.5,,3.8,5.7,7.1
 Handsome JET L-Project                                           ,3.4,5,6.75,8.35,,,,,3.05,5.1,7.1,8.7
 Happy man                                                        ,2.85,3.9,4.6,,,,,,4.2,5.35,6.65
 HAPPY！　LUCKY！　SUNFLOWER！                                    ,2.1,3.85,5,6.45,2.75,4.05,5.25,6.35,2.3,4.15,5.5,6.8
 Hard distance                                                    ,4.35,7.1,8.65,9.6,4.4,5.9,7.05,8.4,4.2,6.4,7.65,8.05
 HEART BEAT FORMULA (GITADORA Ver.)                               ,2.1,4.35,5.75,,1.8,4.65,7.9,,2.3,4.5,7.75
 HEAVEN INSIDE                                                    ,2.7,4.55,6,7.7,,,,,2.7,4.6,6.1,7.75
 Heaven is a '57 metallic gray                                    ,3.05,4.5,6.3,,,,,,3.7,4.7,6.8
 HEAVEN'S COCKTAIL                                                ,3.6,6.4,8.6,,3.2,5.3,7.05,,3.45,5.7,8.5
 heliodor                                                         ,2.7,4.75,6.6,8.1,2.7,4.95,6.6,8.7,3.15,5.15,7.5,8.75
 heron -GITADOROCK ver.-                                          ,1.85,4.35,8.25,,2.25,4.05,6.5,,1.9,4.35,7.35
 Herring roe                                                      ,3.15,5.35,7.6,8.95,3.25,4.3,6.8,7.95,3.35,5.6,8.7,9.6
 Highway star                                                     ,3.7,6.2,7.1,,4.6,6.1,7.45,,3.8,5.05,7.35
 HIT IN THE USA                                                   ,1.35,3.75,5,,2.1,4.1,5.25,,1.4,3.3,6.1
 Homesick Pt.2&3                                                  ,1.8,3.7,4.9,,1.7,3.95,4.9,,2.2,5.25,6.95
 HOTELエイリアン                                                  ,1.35,3,4.65,6.1,1.65,3.45,5.15,6.45,1.25,3.4,5.6,7.3
 How do you feel?                                                 ,1.65,3.3,5.35,,1.65,3.75,5.4,,1.75,3.9,6.3
 humming rabbit                                                   ,1.4,3.8,5.15,6.6,1.5,3.8,6.3,8,2.45,3.9,5.45,6.8
 Hunter〜どうしても欲しいもの〜                                   ,3,4.6,5.9,6.85,2.75,3.65,6.25,7.45,2.45,3.85,7,7.5
 HYDRA                                                            ,3.2,5.85,7.8,,3.75,5.9,6.6,,2.3,5,7.75
 HYENA (Live Edit feat. 96)                                       ,1.9,5.35,7.5,,3.2,5.2,7.95,,2.2,5.7,9.5
 HYPER JET LAND                                                   ,3.2,5.7,7.5,,3.35,5.25,6.8,,3.75,5.6,7.6
 Hyperseven type K                                                ,3.3,6.1,8.5,,3.1,5.45,7.45,,1.8,4.15,7.95
 hypnotheque                                                      ,5.1,6.45,7.5,,3.2,5.2,6.5,,3.4,4.55,6.7
 Hypnotica                                                        ,4.05,5.4,6.5,,,,,,2.75,4,5.45
 I can be!!                                                       ,3.25,5.15,6.35,,3.6,4.5,5.75,,3.4,5.25,8.45
 I think about you                                                ,1.45,2.4,3.6,,,,,,1.8,3.9,4.9
 I wanna kiss you                                                 ,2.6,3.75,4.45,,2.65,3.7,4.4,,2.2,4.2,5.1
 I Want It All                                                    ,1.9,3.1,3.75,,1.55,3.6,4.45,,1.8,3.4,6.8
 Icicles                                                          ,3.7,5.4,6.5,,2.95,3.8,4.75,,4.25,6,8.65
 Idola                                                            ,2.8,4.85,6.55,7.9,2.5,4.65,6.25,7.05,2.5,5.25,7.3,8.95
 Illuminati　〜光を求める者たち〜                                 ,3.3,4.7,7.35,8.85,2.75,3.75,6.4,7.05,4.75,6,7.4,8.25
 I'm a loser                                                      ,2.8,3.75,6.6,,3.15,3.85,5.65,,3.15,4.3,6.5
 I'M GONNA GET YOU!                                               ,2.2,4.35,5.8,,2.35,4.15,5.2,,2.3,4.4,5.7
 I'm so Happy (Rockin' ver.)                                      ,3.35,4.55,6.85,,1.85,3.35,5.1,,2.25,5.45,7.65
 IMI                                                              ,2.1,4.15,9.3,,2.75,4.2,5.55,,3.3,4.75,7.75
 IMITATION TOUCH                                                  ,3.35,4.65,6.8,,3.5,4.85,6.35,,3.65,5,7.65
 Immortal Bind                                                    ,3.75,5.1,6.2,,2.1,3.8,5.1,,3.15,4,7.8
 In The Breeze                                                    ,2.2,4.15,5.85,7.65,2.35,4.05,5,6.6,2.2,3.95,5.8,7.7
 Infinite                                                         ,3,3.7,4.7,,1.7,3.45,4.35,,4.45,5.2,6.5
 innocent world                                                   ,1,3.25,4.7,,2.5,3.5,3.95,,1.1,2.95,3.75
 Insania                                                          ,1.95,4.4,6.95,,2.35,4.3,7,,2.3,5.25,7.75
 Invincible                                                       ,2.5,3.75,4.55,,2.35,3.85,4.65,,3.05,4.15,5.75
 IX -GITADOROCK ver.-                                             ,3.45,5.65,8.15,9.6,3.1,5.45,7.7,8.55,2.95,4.6,6.75,8.8
 Jailbreak                                                        ,4.5,7.05,8.7,,4.25,5.9,7.6,,3.75,5.3,8.2
 Jake in the Box                                                  ,3.25,4.7,6.65,8.85,,,,,3.6,5.3,7,8.2
 Jasper                                                           ,1.5,3.95,6.95,,2.35,3.95,6.7,,3.75,6.65,8.1
 jet coaster☆girl                                                ,4.45,5.85,7.2,,3.55,3.85,5,,2.75,4.85,5.7
 JET WORLD                                                        ,1.4,3.85,6.6,,,,,,4,4.85,5.55
 JJ-road                                                          ,3.3,4.05,5.5,,3.5,4.2,5.3,,3.8,5,6.35
 jkパラダイス                                                     ,3.3,5.85,7.45,,3.65,6.1,7.8,,2.2,3.9,6.7
 joker                                                            ,3.45,4.45,5.15,,3.1,4.2,5.1,,4.05,5.9,8.5
 Joyeuse                                                          ,2.35,6.5,8.95,,3.35,6.65,9,,3.1,5.5,9.1
 Jungle                                                           ,5.25,6.95,8.9,9.75,5.35,6.65,8.45,9.3,5.8,8.45,9.55,9.9
 Just Believe                                                     ,2.6,4.7,5.75,7,2.6,4.5,5.35,6.25,2.3,4.8,7.15,8.3
 KAISER PHOENIX                                                   ,4.25,5.6,7.35,9.65,3.9,5.15,5.95,7.5,4.55,5.8,7.85,8.6
 Keep Ur Dreams                                                   ,3.05,4.75,5.9,,2.8,3.8,5.1,,1.5,3.3,5.8
 KHAMEN BREAK                                                     ,2.4,4.3,6.95,,2.1,4.2,7.75,,1.6,4.85,8.25
 kiss me                                                          ,2.5,4.1,5.9,,2.4,4,4.95,,2.05,3.7,5.55
 KISS ME GOODBYE!                                                 ,2.5,3.65,4.2,,2.6,3.55,4.45,,3.5,5.1,7.9
 Last Song                                                        ,3.95,5.25,7,8.65,3.6,4.7,5.9,7.3,4.45,5.6,8.45,9.7
 LEMON & SALT                                                     ,3.9,5.35,6.6,9.25,3.5,4.45,6.45,7.8,3.3,5.45,8.2,9.75
 Lepton                                                           ,2,4.2,5.3,,3.25,4.15,5.55,,4.05,5,7.65
 LET ME BELIEVE                                                   ,2.8,5.1,6.85,9.1,,,,,3,5.5,7.15,8.65
 Libra                                                            ,1.75,3.1,4.8,5.9,1.35,3.2,4.45,5.65,2.2,3,3.95,5.45
 LIFE                                                             ,1.95,4.4,5.45,,1.85,4.15,5.75,,1.95,5,7.5
 Like&Love                                                        ,1.7,3.35,4.95,,1.95,3.3,5.3,,2.45,4.7,8.1
 Limit Level                                                      ,3.3,6.1,7.7,,3.65,5.95,7.1,,2.7,4.05,7.45
 Limitless Possibility                                            ,2.35,4.25,7.65,8.7,3.45,4.75,6.55,7.8,2.9,4.15,6.6,7.45
 Link up                                                          ,1.55,4.55,7.65,,1.45,4.2,6.2,,1.6,3.85,6.75
 LISTEN TO THE STEREO!!                                           ,1.2,4,5.5,,1.45,3.8,5.35,,1.6,4.3,6.7
 Little Prayer                                                    ,4.2,6.25,7.8,8.75,4.15,6,7.35,8.75,4.85,6.3,8.1,9.1
 Lost in Blue                                                     ,1.95,3.3,4.85,,1.7,3.3,5.2,,2.25,3.8,5.55
 LOVE & JOY -GITADORA MIX-                                        ,1.35,4.35,6.35,,1.8,3.3,4.7,,1.7,4.85,7
 Love Rox!                                                        ,2.75,4.6,5.75,,2.7,4.15,5.2,,3,3.75,5.45
 LOVE WAR!!                                                       ,3,5.15,6.85,,2.7,4.45,5.65,,2.25,4.75,6.1
 Love☆Carnival                                                   ,3.5,3.95,5.75,,3.3,3.75,6.25,,2.9,4.95,6.45
 LUCKY? STAFF                                                     ,3.45,5.9,7.2,,,,,,3.35,5.6,7.95
 MAD BLAST                                                        ,4.4,6.6,6.95,9.25,5.1,6.3,7.05,8.45,4.85,6.2,7.6,8.45
 MAGIC MUSIC MAGIC                                                ,3.9,5.25,6.6,,,,,,,,
 Magic words ?                                                    ,3.05,4.4,6.25,,2.8,4.95,6.2,,2.95,5,7.1
 Mambo Caribbean 5                                                ,3.4,4.65,7.1,,2.95,4.7,6.35,,3.3,5.6,7.5
 MANDARA                                                          ,2.1,4.75,6.25,,3.3,5.15,6.6,,1.75,3.85,8.25
 Mannequin                                                        ,3,4.6,6.85,,2.25,3.95,5.25,,3.05,4.7,6
 Marigold                                                         ,1.65,4.2,5.7,,1.45,4.05,5.35,,1.5,3.95,5.5
 MASCARADA                                                        ,2.3,4.7,6.45,7.65,,,,,2.3,5.45,7.85,8.95
 Megatonic Shaper                                                 ,2.7,3.9,6.75,8.45,2.35,3.95,7.3,8.5,3.05,4.25,6.2,8.5
 memento mori -intro-                                             ,2,4.25,7.3,9.8,1.7,4.45,7.1,9.4,3.4,5.35,8.2,9.8
 Metallic                                                         ,2.4,5.65,8.85,,3.2,5.1,7.9,,2.05,4.55,5.85
 Micro fin                                                        ,3.1,4,4.9,,2.3,3.45,3.85,,3.6,4.1,5.05
 MIDNIGHT SPECIAL                                                 ,3.1,4.8,6.2,,2.75,4.65,6,,3.15,5,6.5
 MIDNIGHT SUN                                                     ,3.15,4.5,7.3,,3.15,5,6.3,,3.75,4.75,7.85
 Mighty Wind                                                      ,2.35,5.6,7.5,,2.35,5.45,7.6,,3.35,5.1,8.1
 MIND ERUPTION                                                    ,2.8,3.95,7.45,9.2,2.95,4.35,7,8.8,3.5,4.85,7.3,9.6
 MISS YOU                                                         ,3.1,4.8,7.1,8.6,,,,,3.05,5.75,7.5,8.75
 MODEL DD ULTIMATES                                               ,3.75,5.85,8.8,9.99,3.6,5.35,7.6,9.9,4.6,7.2,8.95,9.95
 MODEL DD10                                                       ,4.3,7.5,8.6,9.7,4.8,5.65,7.35,8.6,4.35,5.95,8.45,9.4
 MODEL DD11                                                       ,3.7,5.75,8.7,9.85,3.3,5.35,7.5,9.45,4.4,6,8.75,9.55
 MODEL DD2                                                        ,4.85,6.35,7.9,8.95,4,4.95,6.4,7.2,5.95,7.15,8,8.95
 MODEL DD3                                                        ,3.35,5.3,7.75,9.1,3.8,4.95,7.95,9.75,5.25,8.1,8.75,9.8
 MODEL DD4                                                        ,5.85,7.35,9,9.8,5.7,6.8,7.75,9.1,4.95,6.3,8.8,9.7
 MODEL DD5                                                        ,4.8,5.9,6.95,8.5,4.8,5.35,6.65,8.45,4.75,6.65,8.25,9.4
 MODEL DD6                                                        ,5.7,6.4,7.45,,4.5,6.4,7.8,,6.3,7.65,8.85
 MODEL DD7                                                        ,5.6,6.55,8,,4.9,5.7,6.8,,5.15,7.2,8.15
 MODEL DD8                                                        ,6.1,7.75,8.85,,5.65,7.1,8.8,,4.85,5.85,6.9
 MODEL DD9                                                        ,5.45,7.65,9.15,9.8,7.75,8.7,9.05,9.75,5.5,8,8.8,9.6
 MODEL FT2                                                        ,4.8,6,7.45,8.5,4.45,5.25,6.5,7.55,5.5,6.75,7.95,8.8
 MODEL FT2 Miracle Version                                        ,3.3,5.25,8.65,9.65,3.3,5.2,7.9,9.8,4.15,6.75,8.9,9.98
 MODEL FT3                                                        ,5,6.65,8,9.75,5.25,6.9,8,9.1,3.9,5.9,7.95,8.95
 MONSTER TREE                                                     ,2.25,3.85,4.95,,1.9,3.7,4.7,,2.05,3.45,5.7
 Moon of Muse                                                     ,2.6,4.15,6.3,,2.1,3.75,4.9,,2.9,5,6.65
 Moonlight Walkin'                                                ,2,4.7,6.1,,2.7,4.05,5.35,,3.15,4.75,6.6
 Mother Tree                                                      ,3.6,5.1,6.1,7.35,2.75,3.6,4.65,5.85,2.75,5.75,7.65,8.7
 Mr. Darling                                                      ,1.05,1.7,3.75,5.65,1.15,1.75,4.15,5.65,1.35,2.7,4,5.3
 murmur twins (guitar pop ver.)                                   ,3.2,4.4,6.35,,3,4.65,6.1,,3.4,4.7,6.35
 mushroom boy                                                     ,3.2,4.85,7.2,,3,5,7.05,,3.05,4.55,6.5
 My Way, My Life                                                  ,2.8,3.75,5.9,8.1,2.35,3.6,5.95,7.7,3.15,4.15,5.9,7.2
 NAKED SCREAM                                                     ,2.7,4.5,6.35,,2.8,4.45,6.3,,3.35,5.3,8.2
 Nature(GITADORA ver.)                                            ,3.5,5.95,8.9,9.9,3.65,5.5,8.7,9.7,3.55,5.75,7.5,9.45
 neko*neko                                                        ,3.1,4.45,6,7.95,2.5,3.65,4.45,5.55,1.95,4.45,6.4,8.25
 Never Look Back in Sorrow                                        ,2.3,5.15,6.65,,2.6,3.95,5.75,,3.75,5.5,8.95
 NEW LEGEND                                                       ,3.9,6.5,7.9,,4.4,6.8,8.35,,2.8,4.15,8.4
 nightbird lost wing (GITADORA ver.)                              ,1.95,3.95,6.5,,2.75,4.1,6.8,,1.85,4.05,7.4
 NIL                                                              ,2.95,5.1,5.5,,2.95,4.6,5.9,,3.4,4.4,6.3
 No pain, No game                                                 ,1.45,3.5,5.2,,1.9,3.75,5.35,,1.4,3.45,6.4
 No Reason of Fear                                                ,2.6,4.55,6.65,8.45,3,4.5,6.65,8,3.5,4.5,6.3,7.95
 no way ...                                                       ,4.45,7.1,7.7,,3.25,4.6,5.7,,2.3,4.45,7
 No Way For One Will                                              ,4.35,5.85,6.95,,4,5,6.5,,3.1,4.2,6.6
 no where now here                                                ,2.1,3.9,5.45,,2.75,4.4,6.25,,2.8,4.5,6.5
 Noli Me Tangere                                                  ,3.3,4.9,7.75,9.15,3.35,4.4,7.1,8.1,3.85,6.05,8.25,9.4
 O JIYA                                                           ,2.6,3.95,7.2,,2.7,4,6.35,,3.05,5.1,8.7
 Obsidian                                                         ,3.3,5,7.65,9.45,3.1,4.8,7.6,8.65,3.15,5.95,8.45,9.7
 On top of the world                                              ,3.7,4.6,7,,3.15,4.1,8.35,,4.1,5.5,8.15
 One Phrase Blues                                                 ,4.45,5.5,7.9,,3.55,4.5,6.45,,4.75,5.95,8.2
 only my railgun                                                  ,1.3,4.55,6.75,,2.6,4.15,6.75,,1.2,3.5,7.45
 ONLY ONE                                                         ,2.5,4.1,5.4,,2.5,3.6,5.65,,2.1,5.5,7.3
 Opus Life                                                        ,2,4.25,6,7.8,2.5,4,5.15,5.95,2.65,5,6.25,7.5
 Orange Flower Garden                                             ,1.25,4.55,5.8,,3.05,4.6,5.7,,1.3,5,6.6
 Orbital Velocity                                                 ,3.75,5.55,7.5,,3.35,4.75,5.95,,3.75,5,6.65
 OVER THE LIMIT！                                                 ,3.6,4.3,5.25,,2.4,3.9,4.65,,2.9,3.8,6.75
 over there                                                       ,5.25,6.4,9.05,9.6,4.45,5.05,6.3,7.3,5.85,7.2,8.55,9.6
 OVERHEAT -Type GD-                                               ,3,4.75,7.45,9.05,1.95,4.05,5.55,6.95,2.1,4.5,6.1,8.15
 overviews                                                        ,3.45,4.7,6.95,9.05,3.2,4.45,6.5,8.15,3.95,5.8,8.75,9.75
 P.P.R.                                                           ,2.25,3.65,4.95,,3,4.1,4.95,,3.4,4.75,6
 Party People                                                     ,1.75,4,6.35,7.25,1.4,3.2,4.9,5.85,2.7,5,6.7,8.65
 PATRIOT'S DREAM(美しく花と散れ)                                  ,1.3,4.45,6.95,,2.1,3.8,5.75,,1.25,4.35,7.85
 photon                                                           ,3.25,4.7,6,8.6,3.6,4.75,6.35,8.25,3.4,5.5,7.65,8.7
 Piece of History                                                 ,3.6,5.15,6.75,,3.45,5.5,7.35,,3.25,4.85,7.15
 Pink Bird                                                        ,3.55,5.3,6.45,,3.15,4.5,5.65,,2.65,4.55,6.6
 Piranha                                                          ,3.15,4.15,5.7,,3,3.65,4.8,,1.95,4.5,5.7
 plastic imitations                                               ,3,4.7,6.3,,1.55,4.3,5.9,,3.25,4.2,5.9
 Plastic Umbrella                                                 ,2.8,4.55,6.4,,2.5,4.4,6,,3.45,5.1,6.75
 Plum                                                             ,2.5,4.25,7,,3.25,4.15,5.7,,3.3,5.05,7.75
 Polaris                                                          ,3.8,5.45,6.55,,3.9,5.55,7.75,,4.05,5.35,7.75
 pot-pourri d'marmalade                                           ,2.25,4.1,7,,,,,,3.15,5.1,7.9
 POWER                                                            ,3,4.85,6.3,,2.2,5.1,6.15,,2.95,4.15,5.95
 Power Game                                                       ,3.4,5.45,6.4,,3.45,4.7,6,,3,5.8,8.6
 Pray to the Earth                                                ,2.5,4.6,7.05,8.65,2.8,4.3,6.65,7.4,3.45,5.5,7.2,8.8
 precious heart                                                   ,1.5,5.7,7.75,,3,5.25,6.85,,2.1,4,7.75
 Predator's Crypto Pt.1                                           ,3.7,6.5,7.4,8.25,3.75,5.85,7.05,7.75,3.85,5.1,7.65,8.55
 Predator's Crypto Pt.2                                           ,4,7.05,7.9,8.4,3.95,6.1,7.6,8.55,3.8,5.6,7.8,8.9
 Pretty Trying                                                    ,1.65,3.05,4.9,6.5,1.7,3.1,5,6.1,2.3,4.05,5.5,6.75
 PRIMAL SOUL                                                      ,2.85,4.6,6.75,,,,,,3.4,6.2,7.9
 PRIME LIGHT                                                      ,4.65,6.65,7.8,,4.4,6,7.75,,4.7,6.2,7.95
 prism                                                            ,1.75,3.65,6.1,7.6,1.55,3.95,6.75,8.1,2.5,4.25,5.9,7
 PUNISHER                                                         ,1.55,5.35,7.05,,2.6,4.3,6.3,,1.95,4.55,8.55
 Purple storm                                                     ,4.55,7.75,8.8,,4.4,6.4,7.5,,4.85,6.3,7.95
 Quarrel and Harmony                                              ,3.65,5.25,7.95,9.1,3.5,4.9,7.7,8.45,3.8,5,6.75,8.1
 quaver♪ ギタドラ ver.                                           ,2.4,4.6,7.6,,2.3,4.35,6.2,,2.45,4.05,6.9
 R#1                                                              ,4.35,7.65,8.65,,3.6,5.1,5.7,,3.6,4.45,6.25
 rage against usual                                               ,3.4,5.6,8.45,9.6,2.35,4.3,5.55,6.5,2.65,4.75,7.65,8.8
 RAGNAROK                                                         ,2,5.1,7.9,,2.3,4.1,5.75,,1.8,4.35,7.95
 Raidillon                                                        ,2.95,5.4,6.75,,2.6,5.1,6.35,,3.45,4.4,7.3
 Raining Sunshine                                                 ,2.2,3.95,6.25,,1.7,3.7,5.2,,2.6,4.35,6.6
 RAINY DAYS                                                       ,3.15,4.8,6.85,8.25,2.95,4.55,5.45,6.55,3.4,4.85,6.75,8.2
 Re:GENERATION                                                    ,1.85,3.85,5.75,,1.9,3.95,5.1,,2.4,4.7,7.7
 Reaching for the Stars                                           ,2.7,4.8,6.4,,2.5,4.35,5.75,,4.15,6.2,7.75
 Real 〜Lサイズの夢〜                                             ,2,4.4,6,,2.25,4.3,5.9,,3.05,4.9,6.15
 REALIZE                                                          ,3.4,6.2,8.15,,3.1,5.6,7.05,,4.7,6.95,9.75
 rebirth of love                                                  ,1.65,2.95,4,6.75,1.4,2.8,4.55,5.95,2.7,3.55,4.45,5.85
 Red                                                              ,4.55,5.65,7.3,,3.5,4.4,5.3,,3.25,4.2,6.75
 Red haze                                                         ,1.7,4.05,5.6,7.8,2.85,3.75,5.55,6.85,3.05,4.4,6.05,7.6
 RePrise                                                          ,2.1,3.95,5.2,,3.1,4.05,4.8,,2.7,4,6.1
 Restart                                                          ,1.35,4.2,6.5,,2.75,4,5.7,,2.2,6.8,9.2
 Return of the throne                                             ,3,4.05,8.1,,3.95,5.65,7.75,,3.1,4.15,6.95
 REVOLUTION                                                       ,5.15,6.1,6.85,,2.4,5.1,6.3,,3.55,5,7.45
 RIGHT ON TIME                                                    ,4.45,5.6,6.85,,3.15,4.5,5.4,,3.35,4.2,5.95
 Right on time (Ryu☆Remix)                                       ,4.7,5.8,7.9,,2.6,3.45,4.3,,2.4,4.3,7.95
 Ring                                                             ,2.85,5.8,7.45,,2.95,5.5,7,,3.1,4.1,5.9
 Riot of Color                                                    ,3,5.2,6.45,8.75,3.4,5.3,6.75,8.15,3.25,4.85,7.35,8.8
 Road of Resistance                                               ,1.85,4.7,7.45,8.5,2.35,4.5,6.45,8.25,2.45,4.95,7.45,9.4
 Rock to Infinity                                                 ,4.4,7.05,8.8,9.8,5.65,7.1,8.35,9.2,5.85,7.75,8.8,9.95
 ROCKET MAN                                                       ,3.6,5.7,7,,3.25,5.25,6.95,,3.15,4.45,7
 ROCKIN' PARADISE                                                 ,3.2,5.25,6.5,,3.75,5,6.35,,4.05,5.5,8.15
 Rosetta Stone                                                    ,3.4,4.4,6.95,8.15,3.5,5.5,7,8.25,3.3,4.6,7.5,8.75
 ROZA DE ANDALUCIA                                                ,2.95,5.35,7.7,9.3,3.35,5,7.55,9.05,3.4,5.6,8.25,9.55
 Ruins                                                            ,1.65,3.75,5.95,8.35,1.75,3.7,6.25,8.1,2.45,4.85,6.05,7.5
 Run Run                                                          ,2.1,4.9,6.75,,2.3,3.95,6.75,,2.3,4.15,7.9
 Ru-Ru-Ru                                                         ,3,4.65,6.3,,2.35,4.35,5.7,,3.05,4.75,6
 Rush!!                                                           ,1.5,4.3,5.95,,2.4,3.5,5.6,,1.9,3.9,6.65
 Russian Caravan Rhapsody                                         ,1.75,4.1,6.4,7.8,2,4.3,5.6,7.5,1.95,4.3,7.1,8.6
 S. LAUNCHER                                                      ,2.75,5.2,8.8,,1.85,3.85,6.2,,3,4.95,7.6
 Sacred Oath (GFDM EDITION)                                       ,2.85,4.15,5.35,,1.85,4.1,6,,2.4,4,6.5
 SA-DA-ME                                                         ,3.25,4.6,6.6,,2.95,4.75,6.25,,2.25,4.1,5.9
 Sakura Sunrise (GITADORA ver.)                                   ,2.1,4.05,6.45,,1.65,3.4,5.45,,2.4,5.15,7.85
 Sand Blow                                                        ,1.7,3.65,5.65,7,1.35,4.3,5.6,6.45,2.05,4.1,6,7.45
 SAVIOR OF SONG（feat. MY FIRST STORY）                           ,1.25,3.9,4.95,,1.4,4.05,5.5,,1.95,4.15,6.05
 Say                                                              ,2.5,3.55,5.55,,1.85,3.2,4.6,,2.9,4.7,6.25
 SAY WHAT YOU MEAN                                                ,3.95,5.75,6.75,,3.35,4.95,6.3,,3.9,6.05,6.7
 Screaming Your Faith!!!                                          ,2.5,5.65,6.75,,2.5,4.45,5.35,,1.95,4.35,8.15
 SCREW DRIVER                                                     ,3.4,4.85,6.3,7.7,2.8,4.45,6.25,8.55,3.7,4.6,7.45,7.85
 SEA ANEMONES                                                     ,1.9,3.85,5.5,7.9,1.7,3.55,5.1,7,3.1,4.85,6.95,8.5
 SEASONS                                                          ,1.75,3.9,7.3,9.25,3.05,4.4,6.7,8.65,2.2,4.6,6.4,8.4
 Second Limit                                                     ,1.1,5.25,7.05,,1.75,4.3,5.45,,1.55,3.5,6.05
 Sense of the Scamper                                             ,2.7,3.75,5.45,6.65,2.3,4.2,4.95,5.8,1.95,3.8,5.55,6.95
 serial number                                                    ,2.5,3.6,4.85,,2,3.75,5.2,,2,3.85,4.95
 Shake and Shout！！                                              ,3.65,5.3,7.2,8.95,3.5,4.75,6,6.9,3.35,5.05,6.05,7.45
 Shining Wings                                                    ,2.7,4.25,6.5,,2.5,4.3,6.8,,2.3,4.15,5.8
 Shining Wizard                                                   ,2.95,3.9,7.7,,2.2,3.8,7.6,,2.6,4.6,8.75
 Shout!!                                                          ,2.35,4.05,5.25,,2.7,3.9,5.25,,2.7,4.85,6.6
 Silver star                                                      ,2.6,4.5,6.7,8.6,2.1,4.45,6.95,8.5,2.95,5.45,6.9,8.45
 Sing A Well                                                      ,2.7,4.5,5.65,,2.25,3.4,4.55,,1.7,3.9,5.25
 Siren                                                            ,3,5.35,6.65,,3.05,4.75,6,,2.7,4.35,6.3
 SIX DIMENSION                                                    ,3.9,5.5,8.45,9.05,4.3,5.65,7.85,8.25,4.75,7,8.7,9.25
 Ska Ska No.1                                                     ,2.25,3.8,4,,,,,,2.8,3.9,4.85
 Sky Runner                                                       ,3.05,4.2,6.25,7.1,2.75,4.7,6.85,7.45,2.8,4.55,7.4,8.55
 Skyphobia                                                        ,2.5,4.15,7.95,9.15,3.15,4.65,6.6,8.1,2.3,4.45,7.8,8.95
 Skyscraper                                                       ,3.1,4.65,8.65,9.9,2.35,4.6,6.55,8.25,3.25,6.05,8.85,9.9
 Slang                                                            ,3.5,5.75,7.8,,3,4.2,6,,4.15,5.15,6.75
 Snow Goose GFDM ver.                                             ,2.7,3.9,7.7,,1.8,4.2,8.15,,2.3,5.75,8.65
 snow prism (GFDM ver.)                                           ,2.75,4.05,6.25,,2.8,4.05,5.45,,2.6,4.2,7.9
 Snowy India                                                      ,3.55,6.3,7.7,8.65,3.85,6.75,7.95,8.55,3.05,5.05,8.45,9.35
 sola GITADORA ver.                                               ,1.65,4.25,7.3,,2.35,4.15,6,,2.45,5.5,8.5
 solitude                                                         ,2.5,4.35,6.65,,2.6,3.95,6.85,,3.3,5.15,8.25
 SOME HARD REACTIONS                                              ,3.05,4.3,5.85,7.95,,,,,3.55,5.35,6.5,8.1
 Sonne                                                            ,5.7,7.8,9.1,9.65,5.65,7.3,8.45,9.5,5.8,7.5,8.5,9.7
 SPACE DRIVER                                                     ,2.4,4.5,5.85,,2.75,4.6,5.9,,2.45,3.9,6.3
 Spanish Snowy Dance (daybreak ver.)                              ,2.8,6.45,9.15,,1.85,4.9,7.7,,3.45,5.95,8.65
 spectrum                                                         ,3.4,5.5,8.75,,3.5,5.25,7.1,,3.05,4.95,7.45
 Speeders                                                         ,3.05,4.05,5.6,,3,4.1,5.25,,2.25,3.95,5.95
 Spiral Wind                                                      ,3.25,5.15,7.6,,3.3,5.55,6.8,,3.4,4.8,9
 SPRING BAZOOKA                                                   ,3,6.25,8.45,9.4,3.05,4.6,6.25,7.8,3.15,4.15,7.35,8.9
 Spring Pain                                                      ,2.1,3.6,4.7,,2.35,3.65,4.1,,2.1,3.6,6.1
 Squeeze -GITADORA Mix-                                           ,1.95,5.15,7.3,,3,4.55,5.6,,1.75,3.8,6.75
 STAND PROUD                                                      ,1.85,3.9,6.35,8.45,2.4,4.05,5.5,6.75,2.05,4.4,6.25,7.45
 Starlight Parade                                                 ,2.75,4.05,5.6,,3,4.35,6.8,,3.05,5.05,8.55
 Stay away                                                        ,2.1,3.7,4.6,,2.8,3.75,4.6,,1.25,2.05,4.4
 Stella Sinistra                                                  ,2.25,4.55,8.45,,1.9,4.15,7.95,,1.8,4.55,8.7
 Stellar Notes                                                    ,3.3,4.6,6.45,8.15,3.3,4.35,6.1,7.7,3.55,4.9,6.8,8.8
 STOP SPINNING ME IN CIRCLES                                      ,3.3,4.3,5.95,,2.6,3.65,4.8,,3,4.4,5.5
 STOP THIS TRAIN                                                  ,3,4.9,6.7,,3.05,5.35,6.65,,3.55,4.8,6.05
 Street For Student                                               ,2.7,4.55,6.95,8.25,3.35,4.7,6.65,8,2.45,4.35,7.35,8.6
 Strike Party!!!                                                  ,2.5,4.95,7.75,,2.2,4.4,8.45,,3.25,4.25,6.25
 STULTI                                                           ,1.85,5,7.25,,1.8,4.25,6.55,,1.75,4.85,8.85
 Summer '64                                                       ,2.25,5.25,6.95,,2.1,5.35,7.7,,3.25,5.75,8.45
 Summer Holiday                                                   ,2.3,3.6,6.45,,3,3.65,5,,2.05,3.5,6.25
 Summer Lady                                                      ,2.6,3.7,5.2,,2.5,4.05,5.25,,2.3,4.8,5.85
 Surge                                                            ,2.35,4.2,6.1,8.55,1.45,3.65,5.25,7,1.95,4.15,6.3,7.75
 SUZY AND THE TIME MACHINE                                        ,2.95,5,6.95,,,,,,3.15,4.95,7.45
 Sweet Illusion                                                   ,3,4.2,6.6,,,,,,1.95,4.05,5.9
 Swimming In Love                                                 ,2.85,5,6.35,,2.8,3.75,5.15,,2.95,4.25,6.25
 Synergy For Angels (GITADORA Ver.)                               ,1.4,4.35,7,,1.5,3.95,6.45,,1.45,4.15,8.1
 TABIDACHI                                                        ,2.4,5.35,6.65,,3.25,4.85,6.6,,3,4.95,6.8
 Take My Hand                                                     ,2.7,4.45,6.8,,2.4,4.25,5.45,,3.6,5.1,6.95
 TEAR OFF YOUR CHAIN                                              ,1.4,4.7,8.15,,1.5,4.4,7.7,,2.2,5.75,9.1
 TENGU                                                            ,3.5,6.5,8.35,,4.55,6.25,7.5,,3.75,5.25,8.2
 Terra Car                                                        ,2.35,4.55,7,9.25,2.8,4.45,7.6,8.75,2.9,4.45,7.75,9.1
 The Least 100sec                                                 ,5.9,7.8,8.75,9.5,5.45,6.8,7.3,7.8,4.3,6.3,8.95,9.95
 The Messenger (not decorated)                                    ,3.1,5.25,7.1,,3.05,4.3,5.2,,3.1,4.85,6.45
 The New Myth                                                     ,3.6,5.35,8.1,9.5,3.75,6.25,7.85,8.85,4,5.6,7.4,9.4
 THE OCEAN AND YOU                                                ,3.5,4.05,4.95,,3.35,4.3,7.2,,2.95,3.85,4.7
 The Sound of Truth                                               ,3.95,5.9,8.45,,3.7,4.8,5.65,,2.7,4.1,8.45
 The Town of Sunrise                                              ,2.7,4.1,5.95,8.25,2.6,3.75,5.75,7.45,2.75,3.9,5.5,7.65
 The ULTIMATES -Brightness-                                       ,3.05,4.95,7.5,9.45,2.95,4.75,6.2,7.95,3.05,4.85,7.4,8.6
 The ULTIMATES -Darkness-                                         ,2.8,4.85,7.95,9.15,3,4.8,7.65,9.1,4.1,6.4,8.65,9.5
 The 勇気                                                         ,2.4,4.75,6.1,,2.3,4,5.6,,1.65,3.55,5.7
 THREE WORMS                                                      ,3.6,5.75,6.65,,3.75,5.8,6.7,,3.25,5.8,8.2
 Through the Fire and Flames                                      ,4.9,7,8.55,9.55,4.55,6.2,7.15,9.15,3.45,5.75,8.1,9.15
 TIERRA BUENA                                                     ,1.9,4.85,7.6,,1.55,4.4,5.4,,2.95,5.45,7.2
 TIGER, TOO                                                       ,3.85,5.8,7,,3.25,5.75,7.5,,3.9,5.75,7.1
 Timepiece phase II                                               ,5.8,7,8.8,9.45,5.15,5.45,7.35,8.55,6.3,7.7,8.8,9.2
 Tizona d'El Cid                                                  ,2.6,4.95,6.65,,2.7,4.7,6.85,,3.95,5.8,8.2
 To the IST                                                       ,1.95,4.1,5.1,,1.35,2.6,3.6,,2.9,4.55,5.3
 too late two                                                     ,2.8,4.45,5.95,,3.6,4.45,5.65,,3,4.8,6.45
 TOXIC VIBRATION                                                  ,3.3,5.85,7.8,9.5,3.2,5.3,6.25,7.1,3.4,4.75,7.5,8.9
 TRICK                                                            ,3.2,4.3,5.95,,2.95,3.8,5.3,,3.1,4.9,7
 Triple Journey -OJ EDITION-                                      ,2.7,4.15,6.55,,3,4.4,6.3,,2.8,4.6,6.75
 True Love and Valentines                                         ,2.25,3.8,6.1,7.75,2.25,4.7,5.95,7.5,2.8,4.35,6.2,7.65
 Twilight                                                         ,2.7,3.9,6.35,8.1,1.95,3.65,6.55,7.95,3.3,4.25,5.75,7.4
 Twinkle Star                                                     ,3.2,4.25,6.95,,,,,,2.1,4.4,7.65
 Two Hurt                                                         ,1.35,6,8.55,,3.5,5.1,6.1,,1.25,5,7.8
 under control                                                    ,3.9,5.9,7.7,8.75,4.9,6,7.3,8.4,4.55,5.7,7,9.1
 Under The Nest -Remaster-                                        ,1.95,3.8,4.85,5.9,2.35,3.75,4.65,5.75,2.1,4.35,5.35,6.7
 UNLIMITED FIRE                                                   ,3.2,4.25,5.25,,2.8,6.3,7.7,,1.9,3.75,6.4
 Utopia                                                           ,2.1,3.75,5,,2.25,4,5.35,,3.05,4.75,7.15
 Vampire Killer                                                   ,3.5,5.7,7.6,,3.3,5.1,6.2,,2.5,4.5,7.2
 VANESSA -転生編-                                                 ,3.05,5.8,7.65,9.8,3.15,4.75,5.8,8.45,3.75,5.05,6.65,8.8
 Veneficus Verticis                                               ,3.2,4.65,7.5,,2.8,4.45,6.85,,3.05,5.45,8.4
 Venus                                                            ,3.1,5.35,6.5,,2.7,4.2,5.95,,3.55,4.45,5.95
 Vertigo                                                          ,2.7,5.15,7.05,,2.6,4.35,6,,3.4,4.3,6.05
 Victory!                                                         ,3,4.4,6.8,,1.9,3.95,4.95,,1.95,3.95,8.1
 Virga Gigantum                                                   ,3.6,5.55,7.75,8.85,3.55,5.15,7.35,8,4.3,5.6,7.4,9.25
 ViViD                                                            ,1.35,4.85,6.85,,1.85,3.8,5.35,,1.75,3.55,6.2
 VOICE                                                            ,2.4,3.95,5.95,,2.1,3.9,4.9,,1.7,5.3,6.6
 VOIDDD                                                           ,3.75,4.85,8.1,,2.75,4.5,7.7,,1.9,5.05,8.2
 walk with you                                                    ,2.7,4.5,5.85,,2.6,4.25,6.1,,1.75,3.9,5.45
 Wall Street down-sizer                                           ,2.4,4.95,6.2,,2.6,5.2,7.8,,2.9,5,6.75
 Walnuts                                                          ,4.7,6,7.75,9.4,4.5,5.55,7.05,8.5,2.7,4,5.8,7.3
 War evasion                                                      ,3.3,5.2,7,8.6,3.5,4.55,6.1,7.8,3.8,4.85,6.65,8.75
 Water frame                                                      ,3.55,4.55,5.7,,3.65,5.25,6.45,,2.25,3.8,6.45
 WE ARE                                                           ,3.15,4.8,5.15,,4,4.9,6,,2.25,4.95,6.45
 White tornado                                                    ,5.8,7.45,8.9,,6,7.7,8.7,,4.4,5.9,8.25
 White wings                                                      ,4.35,6.5,7.75,,2.95,4.65,6.1,,2.9,4.35,6.05
 WILD CREATRURES                                                  ,2,4.2,5.3,,2.6,4.45,5.45,,1.55,4.3,7.65
 WILD RIDE                                                        ,2.7,4.15,6.95,,2.5,4.4,7,,3.5,5.6,7.65
 WITCH HUNT                                                       ,2.1,4.5,7.1,9.55,1.9,4.3,6.3,7.6,2.3,4.85,7.1,8.85
 wound                                                            ,1.9,3.95,5.6,6.95,1.45,3.75,6.3,7.3,1.9,4.1,6.4,8.4
 Xenon                                                            ,3,5.55,6.95,8.6,2.85,4.65,6.6,8,4.35,6.9,8.65,9.3
 X-Plan                                                           ,2.3,5.5,7.05,,3.5,4.7,6.75,,2.65,5.75,7.8
 X-treme Grade                                                    ,3.6,6.4,8.45,9.75,2.95,4.35,6.85,8.25,4.05,5.5,8.6,9.4
 YARA TUM KAHAN?                                                  ,3.4,4.05,5.55,,3.5,5.65,8.55,,2.65,5.3,7.6
 Yellow Panic Time                                                ,2.95,4.95,6.6,,2.75,4,5.2,,4.25,5.05,6.4
 You can't do it if you try                                       ,3.25,5.7,7.95,,3.15,5.85,7.35,,3.6,4.8,6.25
 You've Got 2 Get Me                                              ,4.2,6.35,7.95,,4.2,5.2,8.25,,2.4,4.75,7.5
 ZENITH                                                           ,2.25,4.5,7.05,,2.25,4.35,6.5,,3.1,4.5,7.4
 Zigzag Life                                                      ,4,6.25,7.35,,4.05,5.75,7.5,,4.35,6.4,8.2
 ZONE//ALONE                                                      ,1.25,3.3,4.75,,1.65,4.05,5.15,,1.4,4.75,6.3
 αρχη                                                         ,4.05,5.35,6.65,,3.55,4.8,6.6,,5.65,6.7,8.6
 アーリマン                                                       ,3.75,5.2,6.4,,3.45,4.3,5.5,,3.9,5.15,7.45
 あたしを○○してください                                         ,2.1,4.7,6.4,7.7,2.25,4.15,5.95,7.8,3.45,4.85,6.8,8.5
 あなたが思うより愛していた                                       ,2.35,4.4,6,,2.25,4.35,6.1,,3.05,4.9,6.5
 アルストロメリア (GITADORA Ver.)                                 ,3.3,5.65,7.5,,3.55,5,6.3,,3.05,5,8
 アンマー                                                         ,1.9,3.4,4.45,,1.35,2.6,3.75,,1.85,3.5,4.75
 アンモノクローム                                                 ,2.95,3.9,5.75,7.35,1.8,4.25,5.85,6.85,2.25,4.05,6,7.85
 いきもの失格                                                     ,2.25,3.9,6.4,,1.45,3.6,5.7,,1.75,4.15,5.95
 イジワルなあなた                                                 ,3.8,5.7,6.85,,3.8,4.9,6,,1.95,4.6,6.6
 イバラノミチ                                                     ,2.3,4.25,5.3,,2.6,4.05,5.15,,3.25,4.45,6.4
 イブの時代っ！                                                   ,3.5,4.7,6.8,,3.1,5.45,7.05,,2.2,5.1,7
 いま　我々にできること                                           ,2.2,3.85,5.85,7.6,1.9,3.3,5.15,6.75,1.8,4.25,6.3,7.95
 ヴィーナスとジーザス                                             ,1.25,3.55,4.9,,1.95,3.55,4.35,,1.35,3.8,4.95
 エキサイティング！！も・ちゃ・ちゃ☆                             ,2.1,4.05,5.85,8.25,1.85,3.8,6.1,8.25,3.55,4.85,6.9,8.95
 お米の美味しい炊き方、そしてお米を食べることによるその効果。     ,2.4,5.1,8.25,,3.75,5.45,6.55,,2.25,5.5,9.1
 カケラ                                                           ,1.65,3.4,5.25,7.1,2.1,3.55,5.5,6.75,2.2,4.05,6.45,8.1
 カゴノトリ                                                       ,3.35,4.4,6.7,,3.95,5.15,7,,2.8,6.35,7.75
 カタルシスの月                                                   ,2.1,4.15,6.1,,2.5,4.65,6.25,,3,3.95,6.1
 ガラスの小舟                                                     ,1.5,3.65,4.45,,1.65,3.15,4.15,,2.45,4.1,4.8
 ガラス越し→バイなう                                             ,2.1,3.35,5.85,,1.75,4.2,5.3,,2.6,4.85,6.65
 ガラナ                                                           ,1,3.9,4.5,,2.2,3.35,4.15,,1.3,2.9,5.35
 からふるぱすてる                                                 ,2.8,4.1,5.5,,2.75,4,5,,3.6,4.95,6.8
 キケンな果実                                                     ,2.35,3.65,6.85,,1.85,4.2,5.95,,1.3,5.25,8.85
 ギタ・ドラ・jubeat大夏祭りのテーマ                               ,2.4,4.7,6.6,,2.8,4.4,5.8,,3.4,5.75,7.9
 ギタードライブ                                                   ,1.75,3.3,5,6.25,1.85,3.2,4.8,5.85,2.2,3.9,5,6.3
 キルト                                                           ,1.15,4.65,5.65,,2.1,3.8,5.15,,1.15,4.8,7.9
 ぐっばい my crybaby                                              ,1.45,3.5,5.55,,1.3,3.75,5.15,,1.7,3.85,5.45
 グッバイジョニーA                                                ,1.95,3.5,4.95,6.1,2.1,3.4,4.4,5.3,2.2,3.7,5.3,7
 クリーンクリーン                                                 ,2.85,4.45,5.5,,2.85,4.25,5.3,,2.6,5.15,7.2
 クリムゾンゲイト                                                 ,2.95,4.8,7.05,8.5,4.25,5.4,6.75,8.35,3.5,4.9,7.5,8.75
 ゲームより愛を込めて                                             ,4.6,6.55,8.25,9.35,3.1,5.85,6.6,7.75,5.55,6.9,8.1,9
 ゴーイング　マイ　ウェイ！                                       ,3.85,5.8,8.9,9.98,3.55,4.45,5.5,6.45,2.5,4.2,6.25,7.3
 こたつとみかん                                                   ,2.4,4.05,5.2,,2.25,3.95,5.1,,2.9,4.35,5.7
 こなもん屋人情歌                                                 ,2.35,3.95,5.8,,2.85,4.2,5,,2.65,4.9,5.95
 この子の七つのお祝いに                                           ,5.15,6.35,8.35,,4.75,6.6,7.9,,5.45,6.75,8.15
 こわれそうなもの                                                 ,2.25,4.05,5.75,,1.4,3.75,4.35,,2.7,5.35,7.6
 サイレンサイン                                                   ,2.8,3.95,5.75,7.8,3,3.95,5.65,7.6,2.3,4.55,6.65,8.5
 サムライハート （Some Like It Hot!!）                            ,2.25,3.95,5.45,,2.3,3.95,5.55,,2,3.65,6.6
 サヨナラ・ヘヴン -GITADOROCK ver.-                               ,3,4.5,7.35,9.6,2.5,4.4,6.2,7.5,2.65,4.55,7.65,8.9
 サヨナラナミダ                                                   ,2.5,4.15,5.95,,3.25,3.75,4.8,,3.4,5.95,7.65
 さよなら僕自身                                                   ,3.25,4.45,5.8,,2.85,4.75,6.2,,3,5.7,7.95
 しかられ日和                                                     ,2.4,4.35,6.35,,2.3,4.8,6.25,,2.8,5,6.8
 しっぽのロック                                                   ,2.8,4.7,5.8,,2.35,4.35,5.25,,3.25,4.75,6
 ジャガー人間の受難                                               ,3.15,4.5,7.75,9.2,3.1,4.6,7.3,8.65,3.65,5.85,7.65,8.65
 ジュピターガンズノベル                                           ,3.65,5,6.75,8.1,3.6,4.85,6.65,8,3.85,5.55,7.7,8.95
 じょいふる                                                       ,1.35,3.75,5,,2.4,4.15,5.15,,1.3,3.55,6.3
 スイマーズ                                                       ,2.35,3.85,5.95,,1.5,3.5,4.65,,2.95,4.85,6.65
 スカイダイバー                                                   ,1.75,3.25,4.95,6.95,1.75,3.15,4.7,5.85,1.75,3.9,5.6,7.15
 スタアの恋人                                                     ,2.7,4.65,6.45,,2.75,4.7,6.1,,2.6,4.75,6.45
 セツナトリップ                                                   ,1.75,4.75,7.75,,3,3.9,6.35,,1.6,3.75,8.1
 そっと。                                                         ,3.6,4.7,7.65,,3.3,4.6,7.35,,3.35,4.95,6.7
 タイムカプセル                                                   ,2.95,4.05,5.3,,2.85,4.45,5.3,,3,5,6.75
 ダイヤモンドロマンス                                             ,3.15,4.3,5.85,,2.85,4.4,5.85,,2.8,4.1,6
 たからもの                                                       ,2.5,3.65,5.25,,3.1,4.05,5.35,,2.7,4.15,7.7
 だから君じゃない。                                               ,2.95,4.9,5.75,,3.4,4.7,5.65,,2.6,4.45,6.6
 たまごの物理科学的 及び調理特性に関しての調査、そしてその考察    ,2.25,4.45,7.05,9.15,2.8,4.7,5.75,6.65,2.75,4.45,7.1,8.95
 たまゆら                                                         ,5,6.3,7.7,9.1,4.35,5.15,6.5,7.85,4.3,6.65,8.55,8.75
 タラッタダンス                                                   ,1.95,4.85,6.7,,1.4,3.1,3.75,,2.4,4.05,6.05
 チカラ                                                           ,3.05,4.35,6.55,,2.25,4.25,5.25,,3.35,5.5,6.75
 ちくわパフェだよ☆ＣＫＰ                                         ,2.95,4.4,6.35,,2.35,4.6,6.8,,2.45,4.6,7.4
 つぼみ                                                           ,2.95,4.7,6.7,,2.5,4.3,5.25,,2.2,4.35,7.85
 ツミナガラ... と彼女は謂ふ                                       ,5.35,6.1,6.9,,4.45,5.3,6.4,,5.7,6.45,7.7
 ディストピア・ロックヒーロー                                     ,2.4,4.65,8.15,9.2,1.9,4.2,5.8,7.75,3.3,5.5,8.55,9.4
 デストロイマーチ                                                 ,2.1,5.7,7.9,,1.95,5.3,7.8,,1.4,3.7,7.3
 デッドボヲルdeホームラン                                         ,1.9,4.9,8.45,,3.4,4.8,6.55,,1.7,3.75,7.35
 どきドキ バレンタイン                                            ,2.8,4.6,5.9,7.05,2.5,3.95,4.9,5.7,2.8,3.9,5.35,7
 とってもとっても、ありがとう。                                   ,1.75,4.2,5.65,,1.75,3.65,5,,1.85,4.25,5.75
 とびっきりのふわっふわ                                           ,1.5,3.2,4.65,6.1,1.4,2.6,4.2,5.55,1.75,3.55,5.5,7.4
 ドリーム・キッス                                                 ,2.4,5.1,6.4,,2.95,4.05,6.85,,2,4.4,5.85
 ナキムシの凱旋                                                   ,3.1,4.2,5.45,,2.7,4.5,5.55,,3.45,5.9,8.85
 にゃんだふる55                                                   ,3,4.55,6.4,,3.05,4.1,5.4,,3.8,5.95,7.5
 ノンフィクションワールド                                         ,3,4.75,8.35,,2.5,5.15,7.6,,2.05,4.1,7.4
 ハートジャック                                                   ,3.5,4.9,6.25,,3,4.95,5.9,,2.8,4.75,6.7
 バタフライ狂想曲                                                 ,2.25,3.75,4.75,,3.05,4.15,5.3,,3.4,5.6,7.5
 はなまるぴっぴはよいこだけ                                       ,2.1,3.75,5.35,6.55,2.2,4.1,5.2,6.3,1.45,3.45,5,7.15
 バリバリブギ 〜涙のフルーツポンチ〜                              ,2,3.6,5.1,6.7,1.35,3.75,5.2,6.7,2,4.1,5.55,6.7
 バンブーソード・ガール                                           ,2.7,5,7.1,8.6,3.05,4.9,7.45,9.1,3.3,5.55,8.4,9.65
 ヒカリ                                                           ,1.4,3.45,4.2,,1.95,3.6,4.25,,1.5,3.75,6.1
 ひとりぼっち                                                     ,2.3,4.2,6.3,7.65,3.1,3.95,6.3,7.45,3,4.85,6.6,7.65
 ヒマワリ                                                         ,3.35,4.9,6.5,,3,4.5,5.8,,3.4,4.95,6.9
 ファッションモンスター                                           ,1.05,3.1,4.45,,1.15,2.7,4.75,,1.2,2.6,5.6
 ファントムベロニカ                                               ,2.95,3.9,6.65,8.45,1.85,4.6,6.35,7,2.6,4.7,6.05,7.65
 ブラックホール                                                   ,2.8,4.6,6.1,7.3,2.85,4.1,4.9,5.6,2.25,4.05,6.95,7.95
 フラッター現象の顛末と単一指向性の感情論                         ,2.1,3.9,5.75,7.35,2.7,3.75,5.4,7.1,2.8,4,5.6,7.45
 ブランコ                                                         ,2,4.1,5.65,6.7,1.75,3.2,4.7,6.2,2.2,4.2,5.8,7.3
 ブルーバード                                                     ,1.25,3.75,3.95,,2.95,3.75,3.95,,1.2,3.6,5.35
 フレッフレー♪熱血チアガール                                     ,2.1,4.65,7.1,,1.85,5.1,7,,2.7,5.35,9.45
 ペパーミントは私の敵                                             ,2.75,4.55,5.45,,3.5,4.35,6.3,,2.95,4.9,6.4
 ヘリコプター                                                     ,3.05,4.55,5.55,,2.85,4.55,5.5,,2.3,4.55,5.75
 ほおずき程度には赤い頭髪                                         ,2.95,4.65,5.8,7.2,2.35,4.55,6.4,7.95,2.25,4.3,7.65,8.75
 ホーンテッド★メイドランチ                                       ,2.7,4.9,7.3,,2.95,4.75,6.8,,2.2,5.25,8.2
 ぽかぽかレトロード                                               ,1.75,3.55,4.85,6.65,2.1,3.5,4.9,6.6,2.8,4.6,6.1,7.95
 ボクらのトリップデイズ                                           ,1.85,4.2,5.6,,3,4.3,5.55,,2.8,4.4,7
 ほしふり                                                         ,3.8,4.7,6.45,,3.75,4.45,5.6,,2.5,4.7,6.1
 ポップミュージック続論                                           ,3.1,4.7,7.35,,3,4,5.9,,2.65,5,7.5
 ポップミュージック論                                             ,2.5,4.4,6.35,,2.35,4.65,5.85,,1.5,4.35,7.7
 ボンビースキップ!!                                               ,2.95,4.7,8.45,,3.45,6.45,8.55,,3.1,5.9,8.2
 マインド・ゲーム                                                 ,1.9,5.55,6.95,,3.1,4.7,6.25,,2,4.85,8.1
 マネマネサイコトロピック                                         ,2.8,4.35,6.35,,2.4,5,6.55,,3.1,5.05,7.85
 ミラージュ・レジデンス                                           ,5.35,7,8.95,,4.25,5.6,7,,4.3,6,7.7
 めうめうぺったんたん！！                                         ,2.2,4.05,6.75,,1.55,4,6.55,,2.75,4.35,7.2
 メギツネ                                                         ,1.4,3.95,7.1,8.15,1.45,3.7,5.95,6.75,2.7,4.9,6.5,7.8
 めた・メタ？ひまわり＊パンチ                                     ,2.1,3.55,5.1,6.7,2.2,3.65,4.7,5.85,2.3,4.3,5.7,7.2
 めた・メタ？ひまわり＊パンチ -デモテープVer.-                    ,2.2,4.35,5.7,,2.25,3.9,5.6,,2.2,4.3,6.1
 もぎたてANGEL                                                    ,2.1,3.85,5.4,,2.4,3.95,5.4,,2.7,4.25,5.5
 モナリザ                                                         ,2,4.85,5.45,,2.4,4.2,5.55,,1.3,3.1,6.9
 モフモフしたいの                                                 ,3.35,4.8,7.9,9.75,3.2,4.9,8.35,9.45,3.9,5.45,8.4,9.75
 モラトリアム                                                     ,3.45,4.5,5.65,,3.05,3.95,4.75,,3.1,5.05,7.9
 ヤミクラ                                                         ,2.95,4.3,6.35,,2.75,4.2,6.3,,3.25,5.1,6.9
 ユグドラシルの欠片                                               ,2.5,3.7,5.4,7.05,2.35,3.5,5.35,6.65,2.7,3.8,5.45,6.9
 ラキ☆ハピDAYS!                                                  ,3,3.95,5,6,3,4.4,5.35,6.45,3.05,4.35,5.75,8
 ラキラキ (GITADORA Ver.)                                         ,1.65,4.65,7.3,,2.7,4,7,,2.6,5.5,8.6
 ラジカル少女                                                     ,1.4,3.95,5.85,7.1,2.4,3.9,5.95,7.8,1.7,3.9,6.25,7.65
 ララバイ哀愁                                                     ,1.95,3.2,4.75,7.35,1.65,2.9,4.8,6.95,1.95,3.2,5,6.2
 リライト                                                         ,1.25,3.45,4.3,,1.4,2.85,4.55,,1.45,3.75,5.8
 ルックス                                                         ,1.75,4,5.9,,1.95,4.65,6,,2.45,5.5,6.9
 ロックスターと魔法のランプ                                       ,1.3,3.75,5.55,,1.25,3.85,5.55,,1.25,3.75,5
 わすれもの                                                       ,2.25,3.6,5.45,7.1,1.95,3.75,5.85,7.6,2.6,4.4,5.15,7
 哀愁のコリゴリラ                                                 ,3.05,4.45,5.55,,3.6,5,5.85,,3.25,4.85,6.5
 愛と勇気の三度笠ポン太                                           ,3.1,4.45,7.05,,3.55,4.95,6.7,,2.2,4.6,8.2
 愛は不死鳥の様に                                                 ,1.75,5.2,7.2,,3.2,5.5,6.95,,1.75,4.5,6.75
 暗黒舞踏会                                                       ,3.95,6.45,7.65,,4.95,6.7,7.45,,3.1,6.3,9.2
 異常震域                                                         ,2.8,4.15,6.85,8.65,3.15,4.1,7.5,8.55,3.45,5.25,7.5,9.1
 一網打尽                                                         ,7.7,9,9.8,9.99,6.3,7.65,9.05,9.8,4.85,5.95,8.45,9.3
 一粒のナミダ                                                     ,2.5,4.5,6.3,,3.3,4.65,5.65,,1.95,4.15,7.75
 羽根亡キ少女唄                                                   ,2.7,4.95,7.1,,3.05,4.9,6.5,,2.4,3.95,7.7
 雨ノチHello                                                      ,2.3,4.7,5.7,,2.75,4.8,6.6,,2.3,4.8,7.2
 嘘                                                               ,1.05,3.8,4.75,,3.45,4,4.6,,1.05,4.2,6.9
 炎のDiargos                                                      ,2.95,4.45,5.85,7.8,2.75,3.8,5.6,7.7,2.95,4.75,6.3,7.85
 乙女繚乱 舞い咲き誇れ                                            ,2.5,4.75,6.65,,2.95,4.6,6.25,,3.65,4.85,7.65
 俺と愛とロック                                                   ,2.4,3.95,5.15,,1.9,3.5,4.45,,2.7,5.8,7.9
 温故知新でいこっ！                                               ,1.85,4.05,5.85,,2.8,4.25,5.65,,1.9,4.85,6.65
 夏・KOI・ムッシュ!!                                              ,3,4.35,6.5,,2.1,3.75,5.95,,2.65,4.55,6.9
 夏祭り                                                           ,1.35,4.3,5.2,,2.85,4.45,5.55,,1.15,3.9,5.55
 夏色DIARY -GITADORA style-                                       ,2,3.8,6.45,7.7,1.85,3.65,5.4,6.45,2.2,4.2,6.1,7.35
 家出少年と迷子少女                                               ,1.65,3.9,7,,1.75,4.15,5.75,,1.55,3.7,7.95
 果たし状                                                         ,2.8,5.65,7.35,,2.2,5.35,6.8,,2.6,4.55,7.75
 歌の翼                                                           ,1.65,3.75,6.1,,1.75,3.7,6.4,,2.05,5.1,8.75
 花の唄                                                           ,3.25,4.05,5.4,,2.2,3.75,5.65,,3.15,4.8,5.85
 過食性:アイドル症候群                                            ,1.2,2.3,4.7,6.45,1.45,3.35,5.6,7.8,1.2,2.95,5.1,7.6
 回レ！雪月花                                                     ,1.75,4.4,6.3,,2,4.25,6.4,,1.45,4.45,7.45
 凱歌の奏                                                         ,2.95,4.7,6.95,,3.05,4.9,5.95,,2.6,4.55,8.45
 完全無欠の無重力ダイブ                                           ,2.8,4,6.25,7.6,2.25,3.95,6,6.85,1.85,3.6,5.35,7.85
 鬼姫                                                             ,5.85,6.85,7.95,9.15,5.1,5.9,6.7,8.2,4.55,5.95,7.95,9.65
 逆ナンされたのにドタキャン!!                                     ,2,5.75,8.45,,2.1,5.2,7,,2.1,4.9,8.15
 牛乳特急便 -まとめきれない Romantic style-                       ,3.05,3.75,5.55,,3.2,4.15,6,,3.6,6.25,7.9
 去る金合戦                                                       ,2.25,4,6.4,,2,4.15,5.75,,2.05,3.8,6.95
 虚空と光明のディスクール                                         ,2.5,4.35,5.45,,1.7,3.95,5.15,,1.7,4.2,5.9
 魚氷に上り　耀よひて                                             ,2.35,5.15,7.2,,3.25,4.9,6.75,,1.95,4.4,7.85
 京                                                               ,3,4.4,7.05,8.45,3,4.55,6.25,7,3.35,4.6,6.7,9.15
 叫声                                                             ,1.45,3.8,5.4,,1.4,4.8,6.1,,2.3,4.15,7
 恐怖の右脳改革                                                   ,5.5,7.2,8.15,9,4.85,6.8,7.6,8.85,5.7,6.5,8.85,9.2
 狂艶ノ華                                                         ,2.75,4.55,6.5,,2.8,4.15,6.25,,3.3,4.9,7.75
 狂喜宴舞                                                         ,3.05,5.55,7.75,,3,6.1,8.65,,2,3.9,7.5
 狂鬼村正                                                         ,1.9,4.05,6.95,8.55,2,4.15,5.25,6.35,1.9,4.25,6.45,7.45
 鏡花水月楼 (GFDM EDITION)                                        ,3.2,5.65,7.05,,3.15,5.3,7.6,,3.4,5.45,6.6
 極東史記                                                         ,3.8,6.2,7,,3.3,5.8,7.3,,3.9,5.6,6.7
 金輪際のエレジー                                                 ,1.45,4,5.45,,2.4,3.95,5.15,,3.3,5.5,7.7
 九尾狐夜行                                                       ,3.2,4.9,7.2,8.55,3.4,4.65,7,8.1,3.9,5.05,7.7,8.75
 空言の海                                                         ,2.2,3.5,4.05,,2,3.5,4.2,,3,4.6,5.75
 空色デイズ                                                       ,1.2,3.65,4.75,,2.7,3.7,4.65,,1.15,2.8,5.8
 空蒼ランデヴー                                                   ,2.8,4.15,6.45,,2.25,4.35,6.65,,3.15,5.1,7
 隅田川夏恋歌〜納涼mix                                            ,1.05,3.6,5.25,,1.55,3.45,4.7,,1,4.5,6.65
 君と同じ季節の下                                                 ,1.65,3.75,6.75,,1.55,3,4.65,,1.85,4.5,6.3
 君の知らない物語                                                 ,1.2,3.8,5.15,,2.25,3.45,4.85,,1.1,2.7,5.45
 群青と流星                                                       ,2.6,3.75,4.85,,2.4,3.75,4.7,,2.7,4.45,7.8
 蛍                                                               ,3.1,4.75,7.8,,,,,,3.45,5.25,6.95
 迎撃のフォルテ                                                   ,2.7,3.8,4.7,,1.8,3.8,5,,2.9,3.7,6.7
 激アツ☆マジヤバ☆チアガール                                     ,1.95,3.75,6.2,8,1.85,4.65,6.35,8,1.85,3.15,5.55,7
 激情ノ華ト散ルラン                                               ,2.85,3.85,5.5,7.5,1.65,2.85,3.8,6.2,2.65,4.3,6.05,8.2
 月光蝶                                                           ,5.15,6.5,6.8,,3,6.3,7.6,,3.5,5.5,6.5
 見習い天使と星降りの丘                                           ,2.95,4.6,7.9,9.05,2.95,4.65,7.7,9.1,2.8,4.45,7.7,8.75
 元禄花吹雪                                                       ,3.2,4.7,7.45,9.1,3.5,4.7,6.95,9.2,2.05,5,8.1,8.95
 幻想花                                                           ,3.3,4.95,6.6,,3.2,5.2,6.45,,3.8,5.05,7.85
 幻想系世界修復少女                                               ,2.1,4.2,6.75,,2.25,4.35,6.85,,2.2,4.85,7.15
 幻想雷神記                                                       ,4.55,5.85,6.95,8.45,3.75,5.3,6.65,7,3.7,5.7,8.45,8.95
 孤高の花                                                         ,2.3,4.35,5.2,,1.85,3.7,5.3,,2.05,4.05,5.45
 御千手メディテーション                                           ,1.9,4.5,8.1,,1.8,4.05,7,,1.65,5.1,8.6
 侯爵夫人の陰謀                                                   ,2.95,3.9,5.55,,3,4.45,5.7,,3.25,5.05,7.4
 幸せのかたち                                                     ,2.95,4.45,7.45,,2.85,4.85,7.3,,2.95,4.85,6.5
 紅焔                                                             ,3.1,4.4,7.8,,3,4.2,7.2,,2.9,5.35,7.9
 紅蓮                                                             ,2.4,4,5.85,9.35,3.1,4.65,6.25,8.5,2.75,5.1,6.95,8.65
 紅蓮の焔                                                         ,2.2,3.95,5.65,,3.15,3.85,5.85,,2.7,3.95,6.75
 行き過ぎて後に                                                   ,3,4.55,6.5,,3.1,5.45,6.7,,3.05,4.35,7.15
 香港☆超特急Z                                                    ,3,4.7,6.55,,1.9,3.8,4.3,,2.7,4.2,5.55
 轟け!恋のビーンボール!!〜96バット砲炸裂!GITADORAシリーズMVP弾!〜 ,1.85,4.35,6.55,,2.3,4.45,6.75,,2.3,4.35,7.15
 黒髪乱れし修羅となりて                                           ,3.35,5.75,9,,3.45,5.55,6.7,,3.75,4.85,7.8
 黒髪乱れし修羅となりて〜凛 edition〜                             ,2.1,4.3,6.85,9.1,2.1,4,6.35,7.95,2.75,4.3,6.05,8.5
 此岸の戯事                                                       ,3,5.35,7.7,,2.8,4.65,8.15,,3.3,5.1,7.4
 今宵フラクタル                                                   ,2.35,4.3,6.5,,3.3,4.45,7.1,,3,5.1,7.4
 混ぜるな危険                                                     ,2.7,3.95,5.5,7.05,1.9,3.2,5.35,6.55,1.95,3.3,4.85,6.75
 魂のルフラン                                                     ,1.3,3.85,5.65,,2.6,4.4,6.55,,1.15,4,7.2
 差無来！！                                                       ,4.1,5.1,6.85,,3.15,4.8,6.35,,4.5,6.3,8.6
 鎖〜KUSARI〜                                                     ,1.9,3.15,5.25,6.65,1.85,3.1,5,6.2,1.65,3.55,5.15,7.4
 最終回STORY                                                      ,1.3,3.85,6.25,,2.35,3.65,6.45,,1.45,3.95,5.8
 最速逃避行                                                       ,2.95,4.9,7,,2.85,4.9,6.4,,3,4.45,6.5
 彩                                                               ,2.1,3.75,4.8,6.45,1.5,3.4,4.75,7.05,2.1,4.2,6.2,7.45
 在るが儘に                                                       ,2.1,3.7,5.3,6.7,2.35,3.65,5.3,6.55,2.45,4.55,6.5,7.75
 三度笠ポン太は今日も行く                                         ,2.35,4.3,6,,2.1,4.7,6.4,,2.5,5.55,7.9
 三毛猫JIVE＆ジャイブ                                             ,4,6.7,7.8,8.95,3.55,4.7,6.1,7.3,4.2,5.35,7.15,7.9
 三毛猫ロック                                                     ,4,5.15,6.4,,4.5,5.1,6.1,,4.55,6.1,6.75
 三毛猫ロックンロール                                             ,2.4,3.95,7.15,,2.7,4.1,7,,3.15,5.55,7.95
 残酷な天使のテーゼ                                               ,1.4,3.8,6.5,,1.45,3.45,5.65,,1.1,3.15,4.2
 子供の落書き帳                                                   ,4.25,5.55,7.45,9.45,4.3,5.45,7.6,8.35,6.7,7.85,8.9,9.85
 紫の月                                                           ,3.95,4.75,5.75,,2.4,4.1,4.9,,2.7,5,6.6
 時の妖花                                                         ,1.85,3.9,5.85,7.45,1.95,3.85,5.3,7.35,2.05,4.85,6.95,8.75
 時雨インソムニア                                                 ,1.75,4.45,6.45,,2.25,4,5.55,,2.05,4.05,7.15
 耳たぶ2号                                                        ,1.55,3.9,4.95,,2.95,4.7,5.55,,2.7,4.8,6.45
 辞世テンプレート                                                 ,1.55,4.25,6.7,,3.1,4.5,6.8,,1.95,4.4,8.15
 七福神                                                           ,3.7,5.4,6.4,,3.3,4.5,5.5,,3.15,4.85,7.75
 漆黒のスペシャルプリンセスサンデー                               ,2.3,3.75,5.3,7.8,1.75,3.4,4.7,6.25,2.05,4.25,6.75,8.45
 守護神                                                           ,3,4.85,7.5,,2.95,4.8,7.2,,2.3,4.8,8.2
 終極                                                             ,2.35,3.95,5.65,7.05,2.5,4.25,5.7,6.95,3.1,4.15,5.7,7.15
 春の歌                                                           ,1.15,3.85,4.3,,2.3,3.25,3.85,,1.1,2.6,5
 春待ち花                                                         ,2.2,4.65,7.65,,2.4,3.85,5.75,,2.6,4.6,7.15
 女々しくて                                                       ,1.4,3.65,4.65,,1.35,3.85,5.95,,1.55,4,5.85
 少年リップルズ                                                   ,2.25,3.85,6.75,,2.95,4.95,6.65,,1.8,4.15,8
 笑ってたいんだ                                                   ,1.2,3.5,4.75,,2.75,4.4,4.9,,1.4,4.25,5.35
 衝動がえがいた どうしようもないストーリー                        ,1.85,5.2,6.3,,2.95,4.9,6.05,,1.95,4.85,6.2
 情操ディストピア                                                 ,2.3,5.35,6.8,,3.6,4.8,6.35,,1.8,4.35,6.4
 情熱 fun! fun!                                                   ,1.15,3.85,4.8,,2,3.6,4.6,,1.15,4.2,4.95
 心の折れたエンジェル                                             ,1.3,4.3,5.95,,3.6,5.1,6.8,,1.75,4.15,6.8
 振動デザイア                                                     ,1.95,3.75,5.8,,1.95,3.95,5.55,,2.45,4.2,7.45
 真摯撃情マイペース                                               ,1.85,3.9,5.9,6.9,2.1,3.9,5.6,6.5,2.5,4.35,5.95,7.4
 人にやさしく                                                     ,1.1,2.25,4.6,,1.4,2.15,4.5,,1.25,3.75,5.8
 人間進化論                                                       ,1.7,3.1,4.35,,2.5,3.15,3.75,,1.4,3.45,4.7
 人気者なんです                                                   ,2.35,4.05,5.5,7.5,,,,,2.8,4.35,6,7.6
 水鏡                                                             ,2.7,4.75,6.6,,2,4.55,5.9,,2,4.9,7.9
 水月鏡花のコノテーション                                         ,1.45,3.5,5.65,6.85,1.95,3.4,4.7,5.85,2.95,4.75,7,8.3
 水面静かに大地の烈日わたらせて 　-Remaster-                      ,2.5,4.15,7.45,8.15,2.25,3.9,6.65,7.8,3.4,5.05,6.65,8.1
 星宿る空の下で                                                   ,3,4.7,6.95,8.35,2.5,4.7,6.75,7.9,3.35,4.7,6.75,7.85
 星夢                                                             ,1.25,3.35,4.8,,1.45,2.45,4.4,,1.2,3.65,5.35
 晴天Bon Voyage                                                   ,1.35,4.15,7.1,,1.65,3.9,6,,2.7,5.25,8.5
 正論                                                             ,3.9,4.8,7.35,,3.5,4.55,5.45,,4.35,5.45,6.9
 青い月                                                           ,1.8,3.45,4.8,5.75,1.55,3.1,4.95,6,1.85,4.05,5.5,6.65
 青い鳥                                                           ,3.15,4,5.45,,1.75,4.05,5.2,,2.05,3.65,5.3
 青春狂騒曲                                                       ,2.1,3.95,4.9,,2.3,4.25,5.5,,2.7,4,6.4
 赤い鈴                                                           ,3.5,4.8,8.25,9.55,,,,,2.75,5.35,7,8.6
 戦場のタクトシュトック                                           ,2.35,4.7,7.45,,2.5,4.9,6.85,,3.65,4.85,7.85
 前髪                                                             ,3.45,5.4,6.5,,1.4,3.75,5.35,,2,3.55,7.7
 全力バタンキュー                                                 ,1.3,2.85,4.45,5.85,1.1,1.6,3.6,6.7,1.45,3,4.4,6.2
 全力少年                                                         ,1,3,3.95,,1.85,3.9,4.8,,1.1,2.5,4.55
 創世ノート                                                       ,1.75,4.15,6.25,,3,4.5,6.4,,2.05,5.5,7.75
 創聖のアクエリオン                                               ,1.15,3.05,3.75,,1.85,2.9,3.85,,1.2,3.15,5.45
 双つ雲と暁の奏                                                   ,3.05,3.9,5.2,,3,3.95,5.75,,3.8,6.4,8.75
 相反オポチュニティー                                             ,2.8,4.25,6,,1.5,4.55,6.55,,2.25,5.35,8.25
 葬送のエウロパ                                                   ,2.1,4.45,6.75,8.85,2.2,4.35,7.35,9.1,3.35,5.5,7.65,8.95
 蒼白                                                             ,3.15,5.4,6.8,8.25,3.6,5.35,6.65,7.95,3.1,5.55,6.9,8.1
 走れメロンパン                                                   ,2,4.35,5.45,,1.95,4.3,5.8,,1.65,4.2,5.95
 卒業                                                             ,3.25,4.45,5.85,,2.75,4.25,5.25,,3.05,4.35,5.9
 太陽〜T・A・I・Y・O〜(ANOTHER SENSE EDITION)                     ,2.7,4.55,6.4,,2.8,4,6.7,,3.4,5,6.25
 太陽の花                                                         ,1.9,3.95,4.75,,2.8,3.8,4.75,,1.7,3.25,6
 太陽の子                                                         ,2.25,4.35,6.55,7.9,2.5,4.05,6.45,7.9,3.45,4.8,7.95,8.95
 大見解                                                           ,3.25,4.3,5.15,,3,4.05,4.9,,2.9,4.85,6.1
 大切なもの                                                       ,1.2,4,4.65,,2.85,4.3,4.6,,1.15,3.85,6.2
 大和撫子魂                                                       ,2.4,4,5.45,,2,4.2,5.25,,3.15,4,5.95
 地方創生☆チクワクティクス                                       ,2,3.6,5.2,6.35,2.25,3.65,5.35,6.5,3,4,6.2,7.5
 朝顔ノ涙                                                         ,1.75,3.4,5.35,7.5,1.85,3.55,5,6.6,1.7,3.4,5.85,7
 超獣戯画                                                         ,2.95,5.15,6.75,8.1,2.95,4.4,6.1,7.4,2.95,4.45,6.35,7.5
 追想 -SHINY DAYS-                                                ,2.8,3.95,5.55,6.8,2.8,4.45,5.4,6.85,1.95,3.4,5.5,6.8
 天ノ弱                                                           ,1.5,4.85,6.65,,2.5,5.2,7,,1.8,3.9,6.4
 天国ミュージック                                                 ,2.1,3.85,5.45,7,2.3,3.6,4.7,6.45,1.95,4,5.8,7.75
 天地動伝説                                                       ,2.95,5.1,7,8.9,3.4,4.8,6.95,7.8,3.7,5.35,7.45,9.5
 天庭 おとこのこ編                                                ,3.55,5.75,8,9.65,3.3,5.3,7.45,9.6,3.55,4.55,6.95,8.15
 天穹鳥-TEN・KYU・CHO-                                            ,1.9,3.65,5.7,8,1.65,3.6,5.2,7.6,2.05,4.2,5.85,8.65
 田んぼの田                                                       ,1.75,5.25,7.35,,3.2,5.25,6.45,,1.95,5.25,6.7
 都会征服Girls☆                                                  ,2.95,4.75,6.55,,3,4.95,7.45,,1.5,4.35,7.5
 怒りと共に去りぬ！！                                             ,2.35,4.45,6.45,7.7,3.55,4.45,6.35,7.6,2.6,4.6,6.05,8.2
 冬色                                                             ,2.75,4.55,5.95,,2.95,5.1,7.3,,1.9,5.3,8.1
 透明はまだらに世界を告げて                                       ,2.7,3.7,5.2,7.1,2.95,3.8,5.6,7.3,2.8,4.35,6.3,8.5
 憧れのボディービル!!                                             ,3.8,6,7.65,,3.75,6.45,8.45,,2.75,4.9,7.85
 童話回廊                                                         ,3.1,4.3,6.95,8.8,2.5,4.6,6.3,7.9,3.75,5.45,7.85,8.95
 二人はラブラブ（仮）                                             ,2.75,4.4,6.6,,3.1,4.45,6.35,,3.15,5.25,6.9
 虹の彼方                                                         ,3.1,4,5.7,,2.5,3.55,4.15,,1.75,3.9,6.2
 虹色の花                                                         ,1.95,5.15,7.5,,2.35,4.75,6.25,,2.1,6,8.2
 虹色遊園地                                                       ,1.85,4.25,6.7,8,1.75,4.25,6.45,7.45,2.3,4.45,6.4,8.4
 猫侍の逆襲                                                       ,3.5,5.55,8.1,,3.45,6.7,7.9,,2.8,4.95,9.75
 白虎転生録                                                       ,2.7,4.45,7.8,9.15,2.5,4.25,6.85,8.35,3.25,5,6.75,8.2
 箱庭の世界                                                       ,1.5,3.3,4,5.4,1.4,3.4,4.7,5.65,1.3,2.45,3.95,5.7
 美麗的家郷                                                       ,1.8,3.85,5.3,,1.95,3.75,4.8,,2.6,4.95,6.2
 百鬼夜行                                                         ,3.85,5.8,8.1,,3.8,5.25,7.1,,7.15,7.85,8.15
 風／雷                                                           ,2.95,4.2,5.5,,3.5,6.5,8,,2,4.45,7.45
 風神雲龍伝                                                       ,5.3,8.1,8.65,9.2,4.7,6.65,7.95,8.5,4.8,6.05,7.95,8.8
 放課後ストライド                                                 ,3.2,4.65,6.7,,3,4.9,6.35,,3,5.15,7.7
 僕ガ壊レル前ニ                                                   ,1.75,3.55,6.1,8.5,1.85,3.7,5.55,7.1,2.2,4.35,6.3,8.6
 僕とサヨナラの合図                                               ,2.7,4,5.45,,1.95,3.65,4.7,,1.55,3.45,5.75
 魔法のタルト                                                     ,2.7,4.8,6.6,,,,,,2.05,4.85,6.5
 万華鏡                                                           ,3.2,4.55,5.7,7.9,2.95,4,5.2,5.95,3.95,5,6.6,7.65
 夢について　TYPE B                                               ,1.95,4,5.2,,1.5,3.7,5,,2.6,4.5,5.8
 夢について　TYPE C                                               ,3.6,4.9,6.5,,3.9,5.35,6.5,,3,5.3,9
 明けぬ夜                                                         ,3.1,4,5.35,7.5,2.1,3.6,5.2,6.8,2.3,4.5,5.95,8.1
 明鏡止水                                                         ,3.05,4.8,7.6,,3.15,4.7,6.2,,3.5,6.65,8.65
 明鏡止水 - Stop The Fire Mix                                     ,3.5,5.25,7.5,,3.6,5,7.05,,3.25,5.25,8.4
 滅びに至るエランプシス                                           ,1.85,4.1,6.35,,1.7,4.35,6.35,,2.4,5.25,7.8
 滅亡天使 † にこきゅっぴん                                       ,2.6,4.45,6.55,,2.35,4.7,7.45,,2.6,5.3,8.2
 妄想学園ino-koi組                                                ,3.45,4.95,6.85,,,,,,3.45,5.25,6.6
 猛烈宇宙交響曲・第七楽章「無限の愛」                             ,1.25,4.3,6.7,,1.4,3,6.65,,1.7,4.85,7.3
 戻らない恋                                                       ,2.5,4.55,5.85,,1.8,4.45,5.8,,2.2,4.7,5.95
 夜咄ディセイブ                                                   ,1.8,4.55,7.3,,1.5,4,7.3,,1.75,3.8,7.95
 野球の遊び方　そしてその歴史　〜決定版〜                         ,1.85,4.85,7.45,,1.95,4.85,7.6,,1.8,3.9,7.5
 優しさの理由                                                     ,1.15,3.55,4.15,,1.75,3.6,4.3,,1.45,2.8,5.3
 優勢オーバードーズ                                               ,1.1,4.1,5.9,,2.75,3.9,5.25,,1.05,5.15,7.65
 幽明異境                                                         ,3.1,4.7,7.7,9.4,2.25,4.5,6.75,7.8,3.4,4.8,7.1,8.45
 悠久のPEGASUS                                                    ,3.2,5.2,8.45,9.55,3.45,5.6,8.05,8.55,3.15,5.25,7.75,9.7
 有頂天ビバーチェ                                                 ,3.1,4.8,7.35,8.4,1.85,3.6,4.9,7.1,2.4,5.3,7.4,8.45
 遊戯大熊猫                                                       ,2.8,4.8,7.35,9,2.85,4.75,6.95,8.5,3.9,5.6,7.2,8.65
 夕星の芒野と消ゆ                                                 ,2.6,4.3,6.25,8,2.95,4.75,6.25,7.35,2.3,3.95,5.55,7.1
 螺子之人                                                         ,3.45,5.55,6.85,,3.1,5.95,7.2,,3.4,6.25,8
 雷君                                                             ,2.5,4.7,6.65,,3,4.35,6.35,,2.65,4.45,8.2
 流星☆JUMP！                                                     ,2.35,3.9,4.8,,3.4,4.85,5.7,,3.05,6,7.5
 流氷の去りて                                                     ,4.5,5.8,7,,3.9,5.65,7.05,,4.55,6.4,8.5
 量子の海のリントヴルム（GITADOROCK Ver.）                        ,2.3,4.9,9.4,,1.7,5.15,9.2,,3.15,4.85,8.1
 林檎と蜂蜜                                                       ,3.25,4.2,5.2,,2.7,3.45,4.45,,3.8,5.35,6.75
 輪廻転生                                                         ,2.35,5.1,8.1,9.05,2.95,4.6,7.1,7.8,2.7,4.5,7.35,8.95
 涙のregret                                                       ,3.2,4.9,6.4,,3.3,4.8,6.35,,3.8,5.15,7.8
 零の位相                                                         ,1.35,3.55,5.55,7.7,2.3,3.45,5.35,7.1,1.85,4.05,5.95,7.3
 恋                                                               ,2.1,3.95,6.1,,,,,,2.1,4.6,6.75
 恋する☆宇宙戦争っ！！（GITADOROCK ver.）                        ,2.95,4.15,5.95,7.7,1.95,4.5,5.15,5.85,2.45,4.75,6.5,7.75
 恋とキングコング                                                 ,1.75,4.25,6.2,,1.95,4.85,6.65,,2.1,4.55,7.45
 恋のミラクルレシピ                                               ,1.65,3.85,5.75,7,1.45,3.1,4.9,6.2,1.95,4.7,6.4,7.95
 恋は臆病                                                         ,3.25,5.45,7.5,,3.15,3.8,4.85,,3.45,6,7.7
 恋閃繚乱                                                         ,3.15,5,5.7,,3.4,5,6.1,,1.95,3.7,7.4
 六花にくちづけ                                                   ,2.5,3.85,5.2,7.65,2.7,3.7,5.25,7.6,2.65,4.35,6.5,7.85
 凛として咲く花の如く                                             ,1.45,4.6,6.55,,3.05,4.05,5.75,,1.25,4.4,6.75
 凛として咲く花の如く 〜ひなビタ♪ edition〜                      ,3,4.7,6.45,7.75,3.05,4.65,6,7.1,2.8,5.25,7.15,8.25
 垓                                                               ,2.75,4.3,7.1,9.25,2.8,4.05,6.45,8.25,4.05,5.5,7.95,9.8
 煌-灼熱の裁き-                                                   ,2.95,4.7,7.1,,3,4.45,6.45,,2.4,5.3,7.7
 繚乱ヒットチャート                                               ,2.85,4,7,,3,3.65,5.9,,3.55,4.95,7
 罠                                                               ,1.25,3.9,4.5,,3.35,4.7,5.35,,1.15,2.8,5.7
 虧兎に告ぐ                                                       ,3.6,6.5,8.1,,4.15,6.45,7.7,,4.7,5.8,7.1
 蛹                                                               ,4.35,5.65,7.2,,3.95,4.5,7.3,,4.85,6.75,8
